gid,role,role_score,cluster_id,priority_score,evidence
100000000011452100,consolidator,0.8104487760652765,0,0.759533423059668,Признаки консолидации: 3 отправителей; вход 110000 KZT; 1 получателей.
100000000018102100,peripheral,0.0,0,0.49136384028712426,"Недостаточно признаков роли: отправителей 1, получателей 0, достижим из 7 seed. Граница обхода; исходящие неполны."
100000000031787100,transit,0.8997118155619597,1,0.3992956482727681,"Признаки транзита: вход 90000, выход 90000 KZT; выход/вход=1.00. Совпадение сумм не доказывает движение тех же денег."
100000000041368100,terminal,0.7152614082804473,2,0.6844997756841633,Гипотеза конечного получателя: вход 160000 KZT от 1; исходящих 0; глубина 1. Только в пределах выгрузки.
100000000076451100,peripheral,0.0,3,0.7039255271422162,"Недостаточно признаков роли: отправителей 3, получателей 4, достижим из 7 seed."
100000000089154100,distributor,0.9515850144092219,0,0.9510991475998205,Признаки распределения: 15 получателей; выход 425500 KZT; 1 отправителей.
100000000190228100,peripheral,0.0,4,0.6004262000897262,"Недостаточно признаков роли: отправителей 1, получателей 1, достижим из 8 seed."
100000000201868100,transit,0.9262247838616715,5,0.6933826828174069,"Признаки транзита: вход 190000, выход 190000 KZT; выход/вход=1.00. Совпадение сумм не доказывает движение тех же денег."
100000000254336100,peripheral,0.0,0,0.6991700314042171,"Недостаточно признаков роли: отправителей 2, получателей 1, достижим из 7 seed."
100000000267734100,distributor,0.861599423631124,1,0.49862270076267384,Признаки распределения: 7 получателей; выход 282000 KZT; 2 отправителей.
100000000274067100,peripheral,0.0,1,0.5469403319874383,"Недостаточно признаков роли: отправителей 2, получателей 3, достижим из 1 seed."
100000000287768100,terminal,0.6478090057419159,0,0.5862494392104083,Гипотеза конечного получателя: вход 35168 KZT от 1; исходящих 0; глубина 3. Только в пределах выгрузки.
100000000288317100,peripheral,0.0,0,0.766980708838044,"Недостаточно признаков роли: отправителей 2, получателей 3, достижим из 7 seed."
100000000291906100,transit,0.6930092471552927,6,0.8319425751458053,"Признаки транзита: вход 388000, выход 455854 KZT; выход/вход=1.17. Совпадение сумм не доказывает движение тех же денег."
100000000291908100,peripheral,0.0,6,0.7472633467922836,"Недостаточно признаков роли: отправителей 1, получателей 1, достижим из 7 seed."
100000000297649100,peripheral,0.0,7,0.6356437864513235,"Недостаточно признаков роли: отправителей 1, получателей 1, достижим из 8 seed."
100000000299820100,peripheral,0.0,8,0.5058995065051592,"Недостаточно признаков роли: отправителей 1, получателей 0, достижим из 7 seed. Граница обхода; исходящие неполны."
100000000307908100,terminal,0.5717437292233303,9,0.2035576491700314,Гипотеза конечного получателя: вход 5000 KZT от 1; исходящих 0; глубина 2. Только в пределах выгрузки.
100000000331309100,coordinator,1.0,10,0.9998205473306416,Гипотеза координации: достижим из 7 seed; внешних кластеров 13; отправителей/получателей 5/99.
100000000332284100,coordinator,0.9690444145356661,10,0.9330641543292957,Гипотеза координации: достижим из 7 seed; внешних кластеров 4; отправителей/получателей 10/3.
100000000343175100,coordinator,0.8490275908479138,11,0.9968147151188873,Гипотеза координации: достижим из 7 seed; внешних кластеров 10; отправителей/получателей 8/31. Seed: входящие неполны.
100000000369781100,peripheral,0.0,10,0.4835576491700314,"Недостаточно признаков роли: отправителей 1, получателей 0, достижим из 7 seed. Граница обхода; исходящие неполны."
100000000375150100,peripheral,0.0,12,0.7205697622252131,"Недостаточно признаков роли: отправителей 1, получателей 0, достижим из 10 seed. Граница обхода; исходящие неполны."
100000000404740100,peripheral,0.0,13,0.5617541498429789,"Недостаточно признаков роли: отправителей 1, получателей 0, достижим из 7 seed. Граница обхода; исходящие неполны."
100000000408846100,terminal,0.6540646721063765,14,0.5944593988335576,Гипотеза конечного получателя: вход 40500 KZT от 1; исходящих 0; глубина 3. Только в пределах выгрузки.
100000000413678100,peripheral,0.0,8,0.8509645580978017,"Недостаточно признаков роли: отправителей 2, получателей 3, достижим из 7 seed."
100000000424935100,peripheral,0.0,15,0.5220502467474204,"Недостаточно признаков роли: отправителей 1, получателей 0, достижим из 7 seed. Граница обхода; исходящие неполны."
100000000425407100,terminal,0.618343910546993,2,0.5447958725886047,Гипотеза конечного получателя: вход 20000 KZT от 1; исходящих 0; глубина 2. Только в пределах выгрузки.
100000000437046100,coordinator,0.9996635262449529,0,0.9985195154777927,Гипотеза координации: достижим из 7 seed; внешних кластеров 7; отправителей/получателей 9/42.
100000000440392100,terminal,0.7003928679359324,16,0.6626962763571108,Гипотеза конечного получателя: вход 105705 KZT от 1; исходящих 0; глубина 1. Только в пределах выгрузки.
100000000456947100,peripheral,0.0,17,0.0,"Недостаточно признаков роли: отправителей 0, получателей 0, достижим из 0 seed. Seed: входящие неполны."
100000000470237100,peripheral,0.0,15,0.5815388066397488,"Недостаточно признаков роли: отправителей 1, получателей 0, достижим из 7 seed. Граница обхода; исходящие неполны."
100000000481716100,terminal,0.5799032940465397,18,0.4935172723194257,Гипотеза конечного получателя: вход 8000 KZT от 1; исходящих 0; глубина 3. Только в пределах выгрузки.
100000000489417100,consolidator,0.7916817769718949,12,0.7443696724988784,Признаки консолидации: 3 отправителей; вход 73504 KZT; 1 получателей.
100000000490383100,coordinator,0.9047442799461641,16,0.9039255271422162,Гипотеза координации: достижим из 7 seed; внешних кластеров 2; отправителей/получателей 3/8.
100000000500040100,peripheral,0.0,0,0.5447958725886047,"Недостаточно признаков роли: отправителей 1, получателей 0, достижим из 7 seed. Граница обхода; исходящие неполны."
100000000507799100,peripheral,0.0,19,0.5730372364288919,"Недостаточно признаков роли: отправителей 1, получателей 1, достижим из 7 seed."
100000000533217100,terminal,0.6710184345723784,0,0.6190892777030058,Гипотеза конечного получателя: вход 53587 KZT от 1; исходящих 0; глубина 2. Только в пределах выгрузки.
100000000534581100,peripheral,0.0,8,0.7172723194257514,"Недостаточно признаков роли: отправителей 2, получателей 1, достижим из 7 seed."
100000000542087100,peripheral,0.0,20,0.4944593988335576,"Недостаточно признаков роли: отправителей 1, получателей 0, достижим из 7 seed. Граница обхода; исходящие неполны."
100000000552584100,peripheral,0.0,21,0.5931179901301031,"Недостаточно признаков роли: отправителей 1, получателей 1, достижим из 2 seed."
100000000555721100,terminal,0.7697793895436688,0,0.6962539255271422,Гипотеза конечного получателя: вход 113000 KZT от 2; исходящих 0; глубина 1. Только в пределах выгрузки.
100000000557536100,peripheral,0.0,20,0.6820771646478241,"Недостаточно признаков роли: отправителей 1, получателей 0, достижим из 7 seed. Граница обхода; исходящие неполны."
100000000560751100,terminal,0.6305832577818071,12,0.5617541498429789,Гипотеза конечного получателя: вход 25000 KZT от 1; исходящих 0; глубина 3. Только в пределах выгрузки.
100000000561160100,peripheral,0.0,2,0.7064378645132345,"Недостаточно признаков роли: отправителей 1, получателей 0, достижим из 7 seed. Граница обхода; исходящие неполны."
100000000569479100,terminal,0.7396494409187065,0,0.7225886047554957,Гипотеза конечного получателя: вход 320000 KZT от 1; исходящих 0; глубина 3. Только в пределах выгрузки.
100000000572276100,peripheral,0.0,22,0.3338851502916106,"Недостаточно признаков роли: отправителей 1, получателей 1, достижим из 1 seed."
100000000580561100,peripheral,0.0,23,0.4614176760879318,"Недостаточно признаков роли: отправителей 2, получателей 3, достижим из 0 seed. Seed: входящие неполны."
100000000581662100,peripheral,0.0,24,0.3373530731269628,"Недостаточно признаков роли: отправителей 1, получателей 0, достижим из 2 seed. Граница обхода; исходящие неполны."
100000000581682100,peripheral,0.0,15,0.4835576491700314,"Недостаточно признаков роли: отправителей 1, получателей 0, достижим из 7 seed. Граница обхода; исходящие неполны."
100000000583220100,peripheral,0.0,25,0.8340062808434275,"Недостаточно признаков роли: отправителей 1, получателей 1, достижим из 7 seed."
100000000594783100,peripheral,0.0,21,0.5936563481381785,"Недостаточно признаков роли: отправителей 1, получателей 2, достижим из 2 seed."
100000000596954100,peripheral,0.0,2,0.7137056976222521,"Недостаточно признаков роли: отправителей 1, получателей 2, достижим из 10 seed."
100000000600707100,peripheral,0.0,26,0.368026020637057,"Недостаточно признаков роли: отправителей 1, получателей 0, достижим из 1 seed. Граница обхода; исходящие неполны."
100000000607731100,peripheral,0.0,27,0.38166442350829966,"Недостаточно признаков роли: отправителей 1, получателей 1, достижим из 1 seed."
100000000607941100,peripheral,0.0,16,0.6644908030506953,"Недостаточно признаков роли: отправителей 2, получателей 1, достижим из 7 seed."
100000000608031100,peripheral,0.0,28,0.5772319425751458,"Недостаточно признаков роли: отправителей 1, получателей 0, достижим из 7 seed. Граница обхода; исходящие неполны."
100000000611474100,terminal,0.6440918706557872,29,0.5811350381336922,Гипотеза конечного получателя: вход 32000 KZT от 1; исходящих 0; глубина 3. Только в пределах выгрузки.
100000000625169100,terminal,0.5894227863402841,22,0.22589950650515928,Гипотеза конечного получателя: вход 10000 KZT от 1; исходящих 0; глубина 2. Только в пределах выгрузки.
100000000627521100,peripheral,0.0,30,0.4893449977568416,"Недостаточно признаков роли: отправителей 1, получателей 0, достижим из 7 seed. Граница обхода; исходящие неполны."
100000000629812100,terminal,0.6881837413115744,31,0.6283535217586361,Гипотеза конечного получателя: вход 22000 KZT от 2; исходящих 0; глубина 2. Только в пределах выгрузки.
100000000634341100,peripheral,0.0,0,0.5558322117541499,"Недостаточно признаков роли: отправителей 1, получателей 0, достижим из 7 seed. Граница обхода; исходящие неполны."
100000000640800100,peripheral,0.0,8,0.8504262000897264,"Недостаточно признаков роли: отправителей 1, получателей 4, достижим из 7 seed."
100000000646541100,terminal,0.7642792384406165,0,0.6567070435172723,Гипотеза конечного получателя: вход 25300 KZT от 3; исходящих 0; глубина 2. Только в пределах выгрузки.
100000000655469100,peripheral,0.0,32,0.5447958725886047,"Недостаточно признаков роли: отправителей 1, получателей 0, достижим из 7 seed. Граница обхода; исходящие неполны."
100000000656682100,transit,0.7043836506068107,0,0.6866532077164648,"Признаки транзита: вход 71000, выход 80000 KZT; выход/вход=1.13. Совпадение сумм не доказывает движение тех же денег."
100000000661131100,terminal,0.6032033847083711,22,0.24420367877972188,Гипотеза конечного получателя: вход 15600 KZT от 1; исходящих 0; глубина 3. Только в пределах выгрузки.
100000000661912100,consolidator,0.9366651556361439,8,0.8441902198295199,Признаки консолидации: 5 отправителей; вход 393036 KZT; 2 получателей.
100000000667713100,peripheral,0.0,16,0.8296321220278151,"Недостаточно признаков роли: отправителей 2, получателей 6, достижим из 7 seed."
100000000673868100,distributor,0.8242795389048991,33,0.8282862270076268,Признаки распределения: 5 получателей; выход 383000 KZT; 1 отправителей.
100000000673915100,peripheral,0.0,20,0.5451996410946612,"Недостаточно признаков роли: отправителей 1, получателей 0, достижим из 7 seed. Граница обхода; исходящие неполны."
100000000703894100,peripheral,0.0,27,0.4188111260655002,"Недостаточно признаков роли: отправителей 1, получателей 1, достижим из 1 seed."
100000000703902100,terminal,0.6313085524327591,22,0.28283086585912964,Гипотеза конечного получателя: вход 25499 KZT от 1; исходящих 0; глубина 1. Только в пределах выгрузки.
100000000704700100,peripheral,0.0,34,0.22589950650515928,"Недостаточно признаков роли: отправителей 1, получателей 0, достижим из 1 seed. Граница обхода; исходящие неполны."
100000000706545100,consolidator,0.8701042611060744,16,0.8054957379991027,Признаки консолидации: 3 отправителей; вход 1070300 KZT; 1 получателей.
100000000718427100,terminal,0.5751888788153521,22,0.20813369223867206,Гипотеза конечного получателя: вход 6000 KZT от 1; исходящих 0; глубина 2. Только в пределах выгрузки.
100000000723383100,peripheral,0.0,32,0.7327501121579183,"Недостаточно признаков роли: отправителей 1, получателей 2, достижим из 7 seed."
100000000724540100,peripheral,0.0,35,0.6897936294302378,"Недостаточно признаков роли: отправителей 1, получателей 1, достижим из 8 seed."
100000000733373100,terminal,0.5901480809912361,16,0.5067070435172722,Гипотеза конечного получателя: вход 10710 KZT от 1; исходящих 0; глубина 2. Только в пределах выгрузки.
100000000733451100,peripheral,0.0,12,0.7500897263346792,"Недостаточно признаков роли: отправителей 1, получателей 1, достижим из 10 seed."
100000000733940100,peripheral,0.0,36,0.7542171377299237,"Недостаточно признаков роли: отправителей 1, получателей 0, достижим из 7 seed. Граница обхода; исходящие неполны."
100000000737152100,peripheral,0.0,0,0.5861148497083895,"Недостаточно признаков роли: отправителей 1, получателей 0, достижим из 7 seed. Граница обхода; исходящие неполны."
100000000749118100,peripheral,0.0,0,0.5573575594436967,"Недостаточно признаков роли: отправителей 1, получателей 1, достижим из 7 seed."
100000000764836100,peripheral,0.0,8,0.7542171377299237,"Недостаточно признаков роли: отправителей 1, получателей 2, достижим из 7 seed."
100000000765628100,terminal,0.5717437292233303,16,0.4835576491700314,Гипотеза конечного получателя: вход 5000 KZT от 1; исходящих 0; глубина 2. Только в пределах выгрузки.
100000000769919100,terminal,0.732577818071925,37,0.4293988335576492,Гипотеза конечного получателя: вход 250000 KZT от 1; исходящих 0; глубина 2. Только в пределах выгрузки.
100000000782285100,terminal,0.575642187972197,0,0.48880663974876626,Гипотеза конечного получателя: вход 6151 KZT от 1; исходящих 0; глубина 3. Только в пределах выгрузки.
100000000783406100,terminal,0.5754608643094591,38,0.48853746074472854,Гипотеза конечного получателя: вход 6066 KZT от 1; исходящих 0; глубина 3. Только в пределах выгрузки.
100000000785800100,transit,0.8368876080691643,39,0.28664423508299686,"Признаки транзита: вход 19000, выход 19000 KZT; выход/вход=1.00. Совпадение сумм не доказывает движение тех же денег."
100000000790311100,terminal,0.6595043819885161,3,0.602669358456707,Гипотеза конечного получателя: вход 46300 KZT от 1; исходящих 0; глубина 2. Только в пределах выгрузки.
100000000791285100,peripheral,0.0,14,0.8065724540152535,"Недостаточно признаков роли: отправителей 1, получателей 3, достижим из 7 seed."
100000000795033100,terminal,0.6114536113629495,0,0.5356437864513235,Гипотеза конечного получателя: вход 18200 KZT от 1; исходящих 0; глубина 2. Только в пределах выгрузки.
100000000795129100,terminal,0.7406467210637655,3,0.7233961417676088,Гипотеза конечного получателя: вход 332000 KZT от 1; исходящих 0; глубина 2. Только в пределах выгрузки.
100000000795374100,terminal,0.6673919613176186,8,0.6139748766262898,Гипотеза конечного получателя: вход 50000 KZT от 1; исходящих 0; глубина 3. Только в пределах выгрузки.
100000000802149100,terminal,0.6996675732849804,0,0.6618887393449977,Гипотеза конечного получателя: вход 104128 KZT от 1; исходящих 0; глубина 3. Только в пределах выгрузки.
100000000803368100,peripheral,0.0,40,0.675347689546882,"Недостаточно признаков роли: отправителей 1, получателей 0, достижим из 7 seed. Граница обхода; исходящие неполны."
100000000806727100,peripheral,0.0,8,0.630574248541947,"Недостаточно признаков роли: отправителей 1, получателей 1, достижим из 11 seed."
100000000810551100,peripheral,0.0,2,0.7397936294302379,"Недостаточно признаков роли: отправителей 1, получателей 1, достижим из 10 seed."
100000000817146100,terminal,0.6817165306739196,16,0.635105428443248,Гипотеза конечного получателя: вход 70020 KZT от 1; исходящих 0; глубина 1. Только в пределах выгрузки.
100000000821507100,terminal,0.7459957691145361,33,0.7321444593988335,Гипотеза конечного получателя: вход 400000 KZT от 1; исходящих 0; глубина 2. Только в пределах выгрузки.
100000000831684100,peripheral,0.0,7,0.33397487662628983,"Недостаточно признаков роли: отправителей 1, получателей 1, достижим из 1 seed."
100000000838385100,peripheral,0.0,15,0.7647599820547331,"Недостаточно признаков роли: отправителей 1, получателей 2, достижим из 7 seed."
100000000850297100,transit,0.834870317002882,18,0.2513369223867205,"Признаки транзита: вход 17520, выход 17520 KZT; выход/вход=1.00. Совпадение сумм не доказывает движение тех же денег."
100000000860514100,peripheral,0.0,13,0.6434948407357559,"Недостаточно признаков роли: отправителей 1, получателей 1, достижим из 7 seed."
100000000861294100,terminal,0.7129948624962225,1,0.4010004486316734,Гипотеза конечного получателя: вход 150000 KZT от 1; исходящих 0; глубина 2. Только в пределах выгрузки.
100000000870121100,terminal,0.5927772741009368,12,0.5103409600717811,Гипотеза конечного получателя: вход 12000 KZT от 1; исходящих 0; глубина 3. Только в пределах выгрузки.
100000000878006100,terminal,0.6607736476276821,10,0.6046882009869896,Гипотеза конечного получателя: вход 47003 KZT от 1; исходящих 0; глубина 3. Только в пределах выгрузки.
100000000896111100,terminal,0.7368389241462677,21,0.43666666666666665,Гипотеза конечного получателя: вход 287100 KZT от 1; исходящих 0; глубина 3. Только в пределах выгрузки.
100000000907277100,terminal,0.6088244182532487,22,0.2518752803947959,Гипотеза конечного получателя: вход 17534 KZT от 1; исходящих 0; глубина 1. Только в пределах выгрузки.
100000000910216100,peripheral,0.0,2,0.715702108568865,"Недостаточно признаков роли: отправителей 1, получателей 1, достижим из 7 seed."
100000000912487100,terminal,0.5894227863402841,2,0.5058995065051592,Гипотеза конечного получателя: вход 10000 KZT от 1; исходящих 0; глубина 2. Только в пределах выгрузки.
100000000913911100,peripheral,0.0,2,0.8429789143113504,"Недостаточно признаков роли: отправителей 2, получателей 1, достижим из 7 seed."
100000000917179100,terminal,0.6934119069205198,40,0.6521982951996411,Гипотеза конечного получателя: вход 94465 KZT от 1; исходящих 0; глубина 2. Только в пределах выгрузки.
100000000922570100,transit,0.782605073272244,7,0.36349484073575594,"Признаки транзита: вход 47101, выход 50000 KZT; выход/вход=1.06. Совпадение сумм не доказывает движение тех же денег."
100000000926078100,peripheral,0.0,8,0.7093988335576491,"Недостаточно признаков роли: отправителей 1, получателей 0, достижим из 7 seed. Граница обхода; исходящие неполны."
100000000926766100,peripheral,0.0,13,0.5363167339614177,"Недостаточно признаков роли: отправителей 1, получателей 1, достижим из 7 seed."
100000000933075100,peripheral,0.0,7,0.6515702108568865,"Недостаточно признаков роли: отправителей 1, получателей 2, достижим из 8 seed."
100000000941942100,terminal,0.7070111816258688,2,0.6723867205024675,Гипотеза конечного получателя: вход 130000 KZT от 1; исходящих 0; глубина 1. Только в пределах выгрузки.
100000000942301100,terminal,0.6741915986702931,0,0.6242036787797218,Гипотеза конечного получателя: вход 57580 KZT от 1; исходящих 0; глубина 3. Только в пределах выгрузки.
100000000943371100,terminal,0.6023874282260502,12,0.5229923732615522,Гипотеза конечного получателя: вход 15500 KZT от 1; исходящих 0; глубина 2. Только в пределах выгрузки.
100000000945428100,terminal,0.6906920519794499,0,0.6482951996410946,Гипотеза конечного получателя: вход 89629 KZT от 1; исходящих 0; глубина 1. Только в пределах выгрузки.
100000000954884100,terminal,0.6459957691145362,38,0.5836922386720502,Гипотеза конечного получателя: вход 34000 KZT от 1; исходящих 0; глубина 3. Только в пределах выгрузки.
100000000955444100,terminal,0.5767301299486249,23,0.2101525347689547,Гипотеза конечного получателя: вход 6910 KZT от 1; исходящих 0; глубина 2. Только в пределах выгрузки.
100000000955529100,peripheral,0.0,2,0.7085688649618663,"Недостаточно признаков роли: отправителей 1, получателей 1, достижим из 7 seed."
100000000957746100,peripheral,0.0,28,0.4849035441902198,"Недостаточно признаков роли: отправителей 1, получателей 0, достижим из 7 seed. Граница обхода; исходящие неполны."
100000000961900100,terminal,0.7155636143850106,0,0.6171152983400627,Гипотеза конечного получателя: вход 36000 KZT от 2; исходящих 0; глубина 1. Только в пределах выгрузки.
100000000967918100,terminal,0.6203384708371109,0,0.5476222521310005,Гипотеза конечного получателя: вход 21200 KZT от 1; исходящих 0; глубина 2. Только в пределах выгрузки.
100000000968253100,terminal,0.6017527954064672,22,0.24205024674742037,Гипотеза конечного получателя: вход 15000 KZT от 1; исходящих 0; глубина 1. Только в пределах выгрузки.
100000000971908100,terminal,0.690510728316712,1,0.368026020637057,Гипотеза конечного получателя: вход 89000 KZT от 1; исходящих 0; глубина 2. Только в пределах выгрузки.
100000000976943100,transit,0.5962536023054755,11,0.6745850157021085,"Признаки транзита: вход 70000, выход 84000 KZT; выход/вход=1.20. Совпадение сумм не доказывает движение тех же денег."
100000000978041100,terminal,0.6568751888788154,22,0.31836249439210407,Гипотеза конечного получателя: вход 44445 KZT от 1; исходящих 0; глубина 1. Только в пределах выгрузки.
100000000979567100,terminal,0.5894227863402841,22,0.22589950650515928,Гипотеза конечного получателя: вход 10000 KZT от 1; исходящих 0; глубина 2. Только в пределах выгрузки.
100000000979923100,terminal,0.6952251435478997,11,0.6550246747420367,Гипотеза конечного получателя: вход 97900 KZT от 1; исходящих 0; глубина 1. Только в пределах выгрузки.
100000000981693100,peripheral,0.0,0,0.5278375953342306,"Недостаточно признаков роли: отправителей 1, получателей 0, достижим из 7 seed. Граница обхода; исходящие неполны."
100000000993112100,terminal,0.7102750075551526,41,0.6769627635711081,Гипотеза конечного получателя: вход 141000 KZT от 1; исходящих 0; глубина 2. Только в пределах выгрузки.
100000000998559100,terminal,0.6985796313085524,2,0.6602736653207717,Гипотеза конечного получателя: вход 100000 KZT от 1; исходящих 0; глубина 1. Только в пределах выгрузки.
100000001009583100,terminal,0.7451798126322151,10,0.7312023328847017,Гипотеза конечного получателя: вход 393740 KZT от 1; исходящих 0; глубина 3. Только в пределах выгрузки.
100000001046057100,terminal,0.6881535207011181,42,0.6446612830865859,Гипотеза конечного получателя: вход 83420 KZT от 1; исходящих 0; глубина 3. Только в пределах выгрузки.
100000001046626100,terminal,0.7129948624962225,10,0.6810004486316734,Гипотеза конечного получателя: вход 150000 KZT от 1; исходящих 0; глубина 3. Только в пределах выгрузки.
100000001049200100,peripheral,0.0,43,0.7963885150291611,"Недостаточно признаков роли: отправителей 2, получателей 4, достижим из 7 seed."
100000001052789100,terminal,0.6820791779993955,43,0.6359129654553611,Гипотеза конечного получателя: вход 70975 KZT от 1; исходящих 0; глубина 3. Только в пределах выгрузки.
100000001052945100,peripheral,0.0,44,0.870345446388515,"Недостаточно признаков роли: отправителей 1, получателей 3, достижим из 7 seed."
100000001053894100,peripheral,0.0,30,0.7713100044863167,"Недостаточно признаков роли: отправителей 1, получателей 0, достижим из 7 seed. Граница обхода; исходящие неполны."
100000001056414100,terminal,0.732577818071925,24,0.4993988335576492,Гипотеза конечного получателя: вход 250000 KZT от 1; исходящих 0; глубина 3. Только в пределах выгрузки.
100000001063678100,peripheral,0.0,29,0.6941902198295199,"Недостаточно признаков роли: отправителей 1, получателей 2, достижим из 7 seed."
100000001065234100,peripheral,0.0,3,0.727433826828174,"Недостаточно признаков роли: отправителей 1, получателей 0, достижим из 7 seed. Граница обхода; исходящие неполны."
100000001065481100,peripheral,0.0,12,0.5264917003140421,"Недостаточно признаков роли: отправителей 1, получателей 0, достижим из 7 seed. Граница обхода; исходящие неполны."
100000001066017100,peripheral,0.0,0,0.7336249439210408,"Недостаточно признаков роли: отправителей 2, получателей 4, достижим из 7 seed."
100000001072022100,consolidator,0.8726427923844062,2,0.863032750112158,Признаки консолидации: 3 отправителей; вход 1684000 KZT; 0 получателей.
100000001073568100,peripheral,0.0,40,0.7964782413638403,"Недостаточно признаков роли: отправителей 1, получателей 2, достижим из 7 seed."
100000001074553100,terminal,0.7036869144756723,4,0.44069537909376394,Гипотеза конечного получателя: вход 28971 KZT от 2; исходящих 0; глубина 1. Только в пределах выгрузки.
100000001083990100,terminal,0.6640374735569659,7,0.6093988335576491,Гипотеза конечного получателя: вход 49900 KZT от 1; исходящих 0; глубина 2. Только в пределах выгрузки.
100000001089055100,peripheral,0.0,28,0.5135711081202333,"Недостаточно признаков роли: отправителей 1, получателей 0, достижим из 7 seed. Граница обхода; исходящие неполны."
100000001102676100,transit,0.8749279538904899,2,0.6434948407357559,"Признаки транзита: вход 50000, выход 50000 KZT; выход/вход=1.00. Совпадение сумм не доказывает движение тех же денег."
100000001103905100,terminal,0.6112722877002116,22,0.25550919694930463,Гипотеза конечного получателя: вход 18000 KZT от 1; исходящих 0; глубина 1. Только в пределах выгрузки.
100000001110358100,terminal,0.7107585373224539,0,0.6606550022431583,Гипотеза конечного получателя: вход 32000 KZT от 2; исходящих 0; глубина 3. Только в пределах выгрузки.
100000001111763100,terminal,0.6069205197944998,22,0.24958725886047556,Гипотеза конечного получателя: вход 17144 KZT от 1; исходящих 0; глубина 1. Только в пределах выгрузки.
100000001114385100,terminal,0.6378362042913267,2,0.5723867205024674,Гипотеза конечного получателя: вход 29500 KZT от 1; исходящих 0; глубина 2. Только в пределах выгрузки.
100000001126374100,consolidator,0.869885161680266,0,0.8005832211754149,Признаки консолидации: 4 отправителей; вход 182500 KZT; 2 получателей.
100000001130176100,terminal,0.6305832577818071,0,0.5617541498429789,Гипотеза конечного получателя: вход 25000 KZT от 1; исходящих 0; глубина 3. Только в пределах выгрузки.
100000001130553100,peripheral,0.0,10,0.5355091969493047,"Недостаточно признаков роли: отправителей 1, получателей 0, достижим из 7 seed. Граница обхода; исходящие неполны."
100000001131403100,peripheral,0.0,44,0.7680798564378645,"Недостаточно признаков роли: отправителей 1, получателей 0, достижим из 7 seed. Граница обхода; исходящие неполны."
100000001138283100,peripheral,0.0,8,0.6729699416778824,"Недостаточно признаков роли: отправителей 1, получателей 2, достижим из 7 seed."
100000001138376100,terminal,0.6021154427319432,3,0.5225886047554957,Гипотеза конечного получателя: вход 15300 KZT от 1; исходящих 0; глубина 2. Только в пределах выгрузки.
100000001140785100,terminal,0.7935327893623451,42,0.7301704800358905,Гипотеза конечного получателя: вход 215000 KZT от 2; исходящих 0; глубина 3. Только в пределах выгрузки.
100000001141268100,peripheral,0.0,35,0.783826828174069,"Недостаточно признаков роли: отправителей 2, получателей 1, достижим из 9 seed."
100000001145749100,terminal,0.5894227863402841,2,0.5058995065051592,Гипотеза конечного получателя: вход 10000 KZT от 1; исходящих 0; глубина 3. Только в пределах выгрузки.
100000001149815100,terminal,0.5927772741009368,22,0.23034096007178106,Гипотеза конечного получателя: вход 12000 KZT от 1; исходящих 0; глубина 3. Только в пределах выгрузки.
100000001155773100,terminal,0.6206104563312179,22,0.268026020637057,Гипотеза конечного получателя: вход 21500 KZT от 1; исходящих 0; глубина 3. Только в пределах выгрузки.
100000001160401100,terminal,0.661317618615896,0,0.6053611484970839,Гипотеза конечного получателя: вход 47190 KZT от 1; исходящих 0; глубина 3. Только в пределах выгрузки.
100000001162560100,distributor,0.9919308357348704,4,0.660803050695379,Признаки распределения: 12 получателей; выход 2904398 KZT; 1 отправителей.
100000001164648100,terminal,0.6629797521909943,18,0.5941677882458501,Гипотеза конечного получателя: вход 13660 KZT от 2; исходящих 0; глубина 1. Только в пределах выгрузки.
100000001166289100,peripheral,0.0,22,0.5025257963212202,"Недостаточно признаков роли: отправителей 2, получателей 1, достижим из 1 seed."
100000001169666100,peripheral,0.0,18,0.7311126065500224,"Недостаточно признаков роли: отправителей 1, получателей 1, достижим из 9 seed."
100000001184915100,terminal,0.7251435478996675,3,0.6984970838941229,Гипотеза конечного получателя: вход 201000 KZT от 1; исходящих 0; глубина 2. Только в пределах выгрузки.
100000001194266100,terminal,0.6673919613176186,2,0.6139748766262898,Гипотеза конечного получателя: вход 50000 KZT от 1; исходящих 0; глубина 1. Только в пределах выгрузки.
100000001202637100,peripheral,0.0,18,0.5058995065051592,"Недостаточно признаков роли: отправителей 1, получателей 0, достижим из 9 seed. Граница обхода; исходящие неполны."
100000001202787100,peripheral,0.0,0,0.5975325257963212,"Недостаточно признаков роли: отправителей 2, получателей 0, достижим из 7 seed. Граница обхода; исходящие неполны."
100000001220124100,peripheral,0.0,8,0.5935172723194257,"Недостаточно признаков роли: отправителей 1, получателей 0, достижим из 7 seed. Граница обхода; исходящие неполны."
100000001222245100,peripheral,0.0,10,0.7334903544190219,"Недостаточно признаков роли: отправителей 1, получателей 0, достижим из 7 seed. Граница обхода; исходящие неполны."
100000001222263100,peripheral,0.0,10,0.7834679228353522,"Недостаточно признаков роли: отправителей 1, получателей 1, достижим из 7 seed."
100000001223977100,peripheral,0.0,45,0.5650291610587708,"Недостаточно признаков роли: отправителей 1, получателей 1, достижим из 10 seed."
100000001227106100,terminal,0.7158960411000302,10,0.6854419021982951,Гипотеза конечного получателя: вход 164765 KZT от 1; исходящих 0; глубина 3. Только в пределах выгрузки.
100000001229743100,peripheral,0.0,0,0.5257290264692687,"Недостаточно признаков роли: отправителей 1, получателей 1, достижим из 7 seed."
100000001232297100,peripheral,0.0,12,0.630574248541947,"Недостаточно признаков роли: отправителей 1, получателей 2, достижим из 10 seed."
100000001236706100,consolidator,0.8191523118766999,12,0.7844773441004935,Признаки консолидации: 3 отправителей; вход 142700 KZT; 2 получателей.
100000001241318100,terminal,0.6703838017527954,0,0.6181471511888739,Гипотеза конечного получателя: вход 53000 KZT от 1; исходящих 0; глубина 2. Только в пределах выгрузки.
100000001246806100,peripheral,0.0,4,0.6723867205024675,"Недостаточно признаков роли: отправителей 1, получателей 0, достижим из 9 seed. Граница обхода; исходящие неполны."
100000001248999100,terminal,0.6236022967663947,28,0.5520637056976222,Гипотеза конечного получателя: вход 23425 KZT от 1; исходящих 0; глубина 3. Только в пределах выгрузки.
100000001249054100,peripheral,0.0,18,0.5307985643786451,"Недостаточно признаков роли: отправителей 1, получателей 0, достижим из 7 seed. Граница обхода; исходящие неполны."
100000001250022100,terminal,0.6673919613176186,1,0.33397487662628983,Гипотеза конечного получателя: вход 50000 KZT от 1; исходящих 0; глубина 2. Только в пределах выгрузки.
100000001251686100,terminal,0.6112722877002116,2,0.5355091969493047,Гипотеза конечного получателя: вход 18000 KZT от 1; исходящих 0; глубина 2. Только в пределах выгрузки.
100000001252290100,peripheral,0.0,10,0.706617317182593,"Недостаточно признаков роли: отправителей 1, получателей 1, достижим из 7 seed."
100000001253557100,consolidator,0.9178981565427623,42,0.9064154329295648,Признаки консолидации: 5 отправителей; вход 210200 KZT; 0 получателей.
100000001256409100,peripheral,0.0,8,0.21351727231942577,"Недостаточно признаков роли: отправителей 1, получателей 0, достижим из 1 seed. Граница обхода; исходящие неполны."
100000001262647100,terminal,0.6245995769114536,3,0.553140421713773,Гипотеза конечного получателя: вход 23650 KZT от 1; исходящих 0; глубина 2. Только в пределах выгрузки.
100000001270349100,terminal,0.7249622242369296,46,0.41822790489008527,Гипотеза конечного получателя: вход 200000 KZT от 1; исходящих 0; глубина 3. Только в пределах выгрузки.
100000001270470100,peripheral,0.0,0,0.5700986989681471,"Недостаточно признаков роли: отправителей 1, получателей 0, достижим из 7 seed. Граница обхода; исходящие неполны."
100000001273783100,terminal,0.6232396494409187,18,0.2716599371915657,Гипотеза конечного получателя: вход 23200 KZT от 1; исходящих 0; глубина 2. Только в пределах выгрузки.
100000001275557100,peripheral,0.0,29,0.5447958725886047,"Недостаточно признаков роли: отправителей 1, получателей 0, достижим из 7 seed. Граница обхода; исходящие неполны."
100000001275752100,terminal,0.7134481716530674,4,0.6815388066397488,Гипотеза конечного получателя: вход 151500 KZT от 1; исходящих 0; глубина 3. Только в пределах выгрузки.
100000001276409100,peripheral,0.0,18,0.6528712427097353,"Недостаточно признаков роли: отправителей 1, получателей 0, достижим из 7 seed. Граница обхода; исходящие неполны."
100000001279272100,peripheral,0.0,0,0.8038133692238671,"Недостаточно признаков роли: отправителей 1, получателей 2, достижим из 7 seed."
100000001279875100,terminal,0.6634935025687518,24,0.3287258860475549,Гипотеза конечного получателя: вход 49235 KZT от 1; исходящих 0; глубина 2. Только в пределах выгрузки.
100000001280798100,terminal,0.6255061952251435,18,0.5544863167339614,Гипотеза конечного получателя: вход 23785 KZT от 1; исходящих 0; глубина 3. Только в пределах выгрузки.
100000001282143100,consolidator,0.9560667875491086,24,0.92559443696725,Признаки консолидации: 5 отправителей; вход 1700000 KZT; 0 получателей.
100000001285440100,terminal,0.7978845572680568,35,0.786630776132795,Гипотеза конечного получателя: вход 243000 KZT от 2; исходящих 0; глубина 3. Только в пределах выгрузки.
100000001286703100,peripheral,0.0,30,0.5456034096007178,"Недостаточно признаков роли: отправителей 1, получателей 0, достижим из 7 seed. Граница обхода; исходящие неполны."
100000001287955100,peripheral,0.0,24,0.5983535217586362,"Недостаточно признаков роли: отправителей 1, получателей 4, достижим из 1 seed."
100000001290243100,terminal,0.5894227863402841,16,0.5058995065051592,Гипотеза конечного получателя: вход 10000 KZT от 1; исходящих 0; глубина 2. Только в пределах выгрузки.
100000001297206100,peripheral,0.0,0,0.489883355764917,"Недостаточно признаков роли: отправителей 1, получателей 0, достижим из 7 seed. Граница обхода; исходящие неполны."
100000001298099100,terminal,0.6125415533393774,18,0.5371242709735307,Гипотеза конечного получателя: вход 19000 KZT от 1; исходящих 0; глубина 3. Только в пределах выгрузки.
100000001299323100,peripheral,0.0,4,0.6640421713772993,"Недостаточно признаков роли: отправителей 1, получателей 0, достижим из 8 seed. Граница обхода; исходящие неполны."
100000001299443100,peripheral,0.0,18,0.21351727231942577,"Недостаточно признаков роли: отправителей 1, получателей 0, достижим из 1 seed. Граница обхода; исходящие неполны."
100000001299828100,peripheral,0.0,0,0.6602736653207717,"Недостаточно признаков роли: отправителей 1, получателей 0, достижим из 7 seed. Граница обхода; исходящие неполны."
100000001303311100,consolidator,0.9551601692354187,35,0.9216913414087036,Признаки консолидации: 5 отправителей; вход 1324000 KZT; 0 получателей.
100000001307612100,terminal,0.6508915080084617,22,0.3104217137729924,Гипотеза конечного получателя: вход 38483 KZT от 1; исходящих 0; глубина 1. Только в пределах выгрузки.
100000001308856100,terminal,0.6353883348443639,22,0.28848362494392105,Гипотеза конечного получателя: вход 27000 KZT от 1; исходящих 0; глубина 2. Только в пределах выгрузки.
100000001311175100,peripheral,0.0,24,0.5105697622252131,"Недостаточно признаков роли: отправителей 1, получателей 0, достижим из 2 seed. Граница обхода; исходящие неполны."
100000001317336100,peripheral,0.0,36,0.8137056976222521,"Недостаточно признаков роли: отправителей 1, получателей 2, достижим из 7 seed."
100000001325618100,peripheral,0.0,18,0.21661283086585914,"Недостаточно признаков роли: отправителей 1, получателей 0, достижим из 1 seed. Граница обхода; исходящие неполны."
100000001329153100,terminal,0.7132668479903295,0,0.6812696276357111,Гипотеза конечного получателя: вход 150687 KZT от 1; исходящих 0; глубина 3. Только в пределах выгрузки.
100000001330595100,consolidator,0.7981187669990935,34,0.4547465231045312,Признаки консолидации: 3 отправителей; вход 87000 KZT; 1 получателей.
100000001330685100,consolidator,0.8740027198549412,10,0.8754598474652311,Признаки консолидации: 3 отправителей; вход 2435923 KZT; 1 получателей.
100000001339466100,terminal,0.6414626775460864,2,0.5772319425751458,Гипотеза конечного получателя: вход 30000 KZT от 1; исходящих 0; глубина 2. Только в пределах выгрузки.
100000001346560100,peripheral,0.0,8,0.5939210408254822,"Недостаточно признаков роли: отправителей 2, получателей 1, достижим из 11 seed."
100000001362940100,terminal,0.6869749168933212,2,0.6427770300583221,Гипотеза конечного получателя: вход 81000 KZT от 1; исходящих 0; глубина 1. Только в пределах выгрузки.
100000001363952100,peripheral,0.0,8,0.7892777030058322,"Недостаточно признаков роли: отправителей 2, получателей 1, достижим из 7 seed."
100000001373265100,peripheral,0.0,8,0.7071556751906685,"Недостаточно признаков роли: отправителей 1, получателей 1, достижим из 7 seed."
100000001378288100,peripheral,0.0,8,0.7124943921040825,"Недостаточно признаков роли: отправителей 1, получателей 0, достижим из 7 seed. Граница обхода; исходящие неполны."
100000001379511100,terminal,0.6727410093683892,42,0.6220502467474204,Гипотеза конечного получателя: вход 55000 KZT от 1; исходящих 0; глубина 3. Только в пределах выгрузки.
100000001380054100,peripheral,0.0,27,0.49184836249439207,"Недостаточно признаков роли: отправителей 2, получателей 3, достижим из 1 seed."
100000001380107100,terminal,0.5751888788153521,31,0.48813369223867203,Гипотеза конечного получателя: вход 6000 KZT от 1; исходящих 0; глубина 3. Только в пределах выгрузки.
100000001380986100,terminal,0.6818978543366576,4,0.3553746074472858,Гипотеза конечного получателя: вход 70170 KZT от 1; исходящих 0; глубина 2. Только в пределах выгрузки.
100000001382002100,transit,0.8389179984280848,0,0.62326155226559,"Признаки транзита: вход 55000, выход 56500 KZT; выход/вход=1.03. Совпадение сумм не доказывает движение тех же денег."
100000001384826100,peripheral,0.0,10,0.7574921489457156,"Недостаточно признаков роли: отправителей 1, получателей 1, достижим из 7 seed."
100000001386612100,terminal,0.676820791779994,47,0.6286451323463436,Гипотеза конечного получателя: вход 62264 KZT от 1; исходящих 0; глубина 2. Только в пределах выгрузки.
100000001389255100,terminal,0.604744635841644,22,0.24662628981606102,Гипотеза конечного получателя: вход 16136 KZT от 1; исходящих 0; глубина 1. Только в пределах выгрузки.
100000001411870100,terminal,0.8,1,0.5777747868999551,Гипотеза конечного получателя: вход 900000 KZT от 2; исходящих 0; глубина 1. Только в пределах выгрузки.
100000001415126100,peripheral,0.0,47,0.568483624943921,"Недостаточно признаков роли: отправителей 1, получателей 0, достижим из 7 seed. Seed: входящие неполны."
100000001418900100,terminal,0.6537926866122695,22,0.3139210408254823,Гипотеза конечного получателя: вход 40140 KZT от 1; исходящих 0; глубина 2. Только в пределах выгрузки.
100000001420847100,terminal,0.618343910546993,43,0.5447958725886047,Гипотеза конечного получателя: вход 20000 KZT от 1; исходящих 0; глубина 2. Только в пределах выгрузки.
100000001427082100,distributor,0.7856628242074929,32,0.7795872588604755,Признаки распределения: 5 получателей; выход 124900 KZT; 1 отправителей.
100000001429930100,peripheral,0.0,12,0.5637729923732615,"Недостаточно признаков роли: отправителей 1, получателей 0, достижим из 7 seed. Seed: входящие неполны."
100000001439416100,peripheral,0.0,0,0.7157694033198744,"Недостаточно признаков роли: отправителей 1, получателей 2, достижим из 7 seed."
100000001445848100,peripheral,0.0,38,0.7453342305966801,"Недостаточно признаков роли: отправителей 1, получателей 1, достижим из 7 seed."
100000001463701100,terminal,0.8,11,0.7790264692687303,Гипотеза конечного получателя: вход 621000 KZT от 2; исходящих 0; глубина 1. Только в пределах выгрузки.
100000001471706100,peripheral,0.0,47,0.729183490354419,"Недостаточно признаков роли: отправителей 1, получателей 0, достижим из 8 seed. Граница обхода; исходящие неполны."
100000001477796100,terminal,0.719794499848897,2,0.41096007178106775,Гипотеза конечного получателя: вход 182000 KZT от 1; исходящих 0; глубина 1. Только в пределах выгрузки.
100000001484381100,terminal,0.7611665155636144,18,0.6833333333333333,Гипотеза конечного получателя: вход 95585 KZT от 2; исходящих 0; глубина 3. Только в пределах выгрузки.
100000001490461100,peripheral,0.0,18,0.5743158366980708,"Недостаточно признаков роли: отправителей 1, получателей 1, достижим из 9 seed."
100000001498732100,peripheral,0.0,48,0.4863840287124271,"Недостаточно признаков роли: отправителей 1, получателей 0, достижим из 7 seed. Граница обхода; исходящие неполны."
100000001524952100,terminal,0.6995769114536113,0,0.6617541498429789,Гипотеза конечного получателя: вход 103807 KZT от 1; исходящих 0; глубина 1. Только в пределах выгрузки.
100000001526235100,distributor,0.903314121037464,13,0.798138178555406,Признаки распределения: 8 получателей; выход 432750 KZT; 3 отправителей.
100000001527186100,terminal,0.7569658507101844,2,0.7505832211754149,Гипотеза конечного получателя: вход 678000 KZT от 1; исходящих 0; глубина 1. Только в пределах выгрузки.
100000001530709100,terminal,0.6713810818978543,0,0.6196276357110811,Гипотеза конечного получателя: вход 53961 KZT от 1; исходящих 0; глубина 3. Только в пределах выгрузки.
100000001530740100,terminal,0.6017527954064672,16,0.5220502467474204,Гипотеза конечного получателя: вход 15000 KZT от 1; исходящих 0; глубина 2. Только в пределах выгрузки.
100000001530983100,coordinator,0.9579239569313593,16,0.9868999551368326,Гипотеза координации: достижим из 7 seed; внешних кластеров 3; отправителей/получателей 4/11.
100000001533161100,peripheral,0.0,49,0.6602736653207717,"Недостаточно признаков роли: отправителей 1, получателей 0, достижим из 7 seed. Граница обхода; исходящие неполны."
100000001534244100,peripheral,0.0,4,0.7725213100044863,"Недостаточно признаков роли: отправителей 2, получателей 1, достижим из 8 seed."
100000001537524100,peripheral,0.0,24,0.6810004486316734,"Недостаточно признаков роли: отправителей 1, получателей 0, достижим из 8 seed. Граница обхода; исходящие неполны."
100000001538095100,terminal,0.8,24,0.7945715567519067,Гипотеза конечного получателя: вход 280000 KZT от 2; исходящих 0; глубина 3. Только в пределах выгрузки.
100000001541418100,terminal,0.7613478392263524,4,0.7337371018393899,Гипотеза конечного получателя: вход 96900 KZT от 2; исходящих 0; глубина 2. Только в пределах выгрузки.
100000001549194100,terminal,0.6597763674826231,40,0.6030731269627636,Гипотеза конечного получателя: вход 46500 KZT от 1; исходящих 0; глубина 3. Только в пределах выгрузки.
100000001550388100,terminal,0.6673919613176186,0,0.6139748766262898,Гипотеза конечного получателя: вход 50000 KZT от 1; исходящих 0; глубина 1. Только в пределах выгрузки.
100000001550419100,terminal,0.6228770021154427,40,0.5511215791834904,Гипотеза конечного получателя: вход 23000 KZT от 1; исходящих 0; глубина 3. Только в пределах выгрузки.
100000001554432100,terminal,0.6712904200664853,2,0.6194930462090623,Гипотеза конечного получателя: вход 53920 KZT от 1; исходящих 0; глубина 1. Только в пределах выгрузки.
100000001557930100,terminal,0.6465397401027501,1,0.3044997756841633,Гипотеза конечного получателя: вход 34610 KZT от 1; исходящих 0; глубина 2. Только в пределах выгрузки.
100000001567366100,terminal,0.7599576911453612,16,0.756505159264244,Гипотеза конечного получателя: вход 824070 KZT от 1; исходящих 0; глубина 1. Только в пределах выгрузки.
100000001578517100,terminal,0.6414626775460864,16,0.5772319425751458,Гипотеза конечного получателя: вход 30000 KZT от 1; исходящих 0; глубина 2. Только в пределах выгрузки.
100000001584286100,terminal,0.8,24,0.8330641543292956,Гипотеза конечного получателя: вход 738699 KZT от 2; исходящих 0; глубина 2. Только в пределах выгрузки.
100000001590795100,peripheral,0.0,18,0.20369223867205025,"Недостаточно признаков роли: отправителей 1, получателей 0, достижим из 1 seed. Граница обхода; исходящие неполны."
100000001597424100,terminal,0.6620429132668479,40,0.6063032750112158,Гипотеза конечного получателя: вход 48100 KZT от 1; исходящих 0; глубина 3. Только в пределах выгрузки.
100000001597505100,peripheral,0.0,41,0.6461193360251234,"Недостаточно признаков роли: отправителей 1, получателей 1, достижим из 8 seed."
100000001598625100,peripheral,0.0,8,0.5617541498429789,"Недостаточно признаков роли: отправителей 1, получателей 0, достижим из 7 seed. Граница обхода; исходящие неполны."
100000001600934100,peripheral,0.0,8,0.6905563032750112,"Недостаточно признаков роли: отправителей 1, получателей 1, достижим из 7 seed."
100000001601320100,transit,0.7754844479777404,1,0.36681471511888736,"Признаки транзита: вход 43500, выход 46200 KZT; выход/вход=1.06. Совпадение сумм не доказывает движение тех же денег."
100000001609499100,consolidator,0.8419084315503174,0,0.8132794975325257,Признаки консолидации: 3 отправителей; вход 263113 KZT; 2 получателей.
100000001611488100,terminal,0.8,10,0.7845446388515029,Гипотеза конечного получателя: вход 779300 KZT от 2; исходящих 0; глубина 3. Только в пределах выгрузки.
100000001616816100,consolidator,0.7734319280749471,1,0.8501794526693583,Признаки консолидации: 5 отправителей; вход 176195 KZT; 3 получателей. Seed: входящие неполны.
100000001632325100,terminal,0.689241462677546,22,0.3662763571108121,Гипотеза конечного получателя: вход 85600 KZT от 1; исходящих 0; глубина 3. Только в пределах выгрузки.
100000001633685100,terminal,0.7918404351767905,0,0.6454688200986989,Гипотеза конечного получателя: вход 45000 KZT от 3; исходящих 0; глубина 2. Только в пределах выгрузки.
100000001637376100,peripheral,0.0,10,0.7338043965903993,"Недостаточно признаков роли: отправителей 1, получателей 1, достижим из 7 seed."
100000001639766100,terminal,0.618343910546993,1,0.26479587258860476,Гипотеза конечного получателя: вход 20000 KZT от 1; исходящих 0; глубина 3. Только в пределах выгрузки.
100000001641789100,terminal,0.6095497129042007,1,0.5329519964109466,Гипотеза конечного получателя: вход 17826 KZT от 1; исходящих 0; глубина 1. Только в пределах выгрузки.
100000001641951100,terminal,0.6305832577818071,8,0.5617541498429789,Гипотеза конечного получателя: вход 25000 KZT от 1; исходящих 0; глубина 2. Только в пределах выгрузки.
100000001648936100,terminal,0.6926866122695678,1,0.3711215791834903,Гипотеза конечного получателя: вход 92740 KZT от 1; исходящих 0; глубина 2. Только в пределах выгрузки.
100000001650895100,peripheral,0.0,18,0.7118663077613279,"Недостаточно признаков роли: отправителей 1, получателей 1, достижим из 9 seed."
100000001660397100,transit,0.8591240616216601,0,0.7603185284881111,"Признаки транзита: вход 48600, выход 49000 KZT; выход/вход=1.01. Совпадение сумм не доказывает движение тех же денег."
100000001669260100,peripheral,0.0,8,0.4623732615522656,"Недостаточно признаков роли: отправителей 1, получателей 0, достижим из 1 seed. Граница обхода; исходящие неполны."
100000001674850100,terminal,0.7968872771229979,42,0.7847465231045312,Гипотеза конечного получателя: вход 237000 KZT от 2; исходящих 0; глубина 3. Только в пределах выгрузки.
100000001677389100,peripheral,0.0,28,0.5375729026469268,"Недостаточно признаков роли: отправителей 1, получателей 1, достижим из 7 seed."
100000001677929100,consolidator,0.8142565729827743,1,0.480812023328847,Признаки консолидации: 3 отправителей; вход 126777 KZT; 2 получателей.
100000001680944100,terminal,0.7449078271381082,35,0.7309331538806639,Гипотеза конечного получателя: вход 393000 KZT от 1; исходящих 0; глубина 3. Только в пределах выгрузки.
100000001684867100,terminal,0.6420066485343003,16,0.57790489008524,Гипотеза конечного получателя: вход 30550 KZT от 1; исходящих 0; глубина 1. Только в пределах выгрузки.
100000001686328100,terminal,0.7099123602296766,4,0.6764244055630327,Гипотеза конечного получателя: вход 140000 KZT от 1; исходящих 0; глубина 3. Только в пределах выгрузки.
100000001688676100,terminal,0.7076458144454518,43,0.6731942575145805,Гипотеза конечного получателя: вход 133700 KZT от 1; исходящих 0; глубина 3. Только в пределах выгрузки.
100000001689968100,consolidator,0.8497960108794198,10,0.8696949304620907,Признаки консолидации: 3 отправителей; вход 344334 KZT; 0 получателей.
100000001690439100,terminal,0.5979449984889694,10,0.5168012561686854,Гипотеза конечного получателя: вход 14200 KZT от 1; исходящих 0; глубина 3. Только в пределах выгрузки.
100000001690558100,terminal,0.7585071018434573,43,0.7536787797218483,Гипотеза конечного получателя: вход 740000 KZT от 1; исходящих 0; глубина 3. Только в пределах выгрузки.
100000001696818100,terminal,0.6709277727410093,2,0.338954688200987,Гипотеза конечного получателя: вход 53550 KZT от 1; исходящих 0; глубина 1. Только в пределах выгрузки.
100000001697501100,distributor,0.981556195965418,22,0.5570345446388515,Признаки распределения: 38 получателей; выход 1482606 KZT; 3 отправителей.
100000001703168100,peripheral,0.0,2,0.679295648272768,"Недостаточно признаков роли: отправителей 1, получателей 1, достижим из 7 seed."
100000001714173100,terminal,0.7567845270474464,35,0.7499102736653207,Гипотеза конечного получателя: вход 638905 KZT от 1; исходящих 0; глубина 3. Только в пределах выгрузки.
100000001714413100,terminal,0.7326684799032941,10,0.7095334230596679,Гипотеза конечного получателя: вход 250172 KZT от 1; исходящих 0; глубина 3. Только в пределах выгрузки.
100000001714883100,peripheral,0.0,18,0.21001794526693585,"Недостаточно признаков роли: отправителей 1, получателей 0, достижим из 1 seed. Граница обхода; исходящие неполны."
100000001716579100,terminal,0.5965850710184346,22,0.23491700314042174,Гипотеза конечного получателя: вход 13916 KZT от 1; исходящих 0; глубина 1. Только в пределах выгрузки.
100000001724740100,peripheral,0.0,4,0.6917676087931808,"Недостаточно признаков роли: отправителей 1, получателей 0, достижим из 9 seed. Граница обхода; исходящие неполны."
100000001726614100,terminal,0.7090057419159868,0,0.6750785105428443,Гипотеза конечного получателя: вход 138717 KZT от 1; исходящих 0; глубина 3. Только в пределах выгрузки.
100000001732159100,peripheral,0.0,42,0.8251906684611934,"Недостаточно признаков роли: отправителей 2, получателей 4, достижим из 9 seed. Seed: входящие неполны."
100000001733216100,peripheral,0.0,0,0.6271646478241364,"Недостаточно признаков роли: отправителей 1, получателей 0, достижим из 7 seed. Граница обхода; исходящие неполны."
100000001733687100,terminal,0.7386521607736476,4,0.7205697622252131,Гипотеза конечного получателя: вход 300000 KZT от 1; исходящих 0; глубина 3. Только в пределах выгрузки.
100000001737722100,terminal,0.676095497129042,2,0.6275684163301929,Гипотеза конечного получателя: вход 60460 KZT от 1; исходящих 0; глубина 2. Только в пределах выгрузки.
100000001740277100,peripheral,0.0,1,0.2148631673396142,"Недостаточно признаков роли: отправителей 1, получателей 1, достижим из 1 seed."
100000001745217100,terminal,0.6673919613176186,0,0.6139748766262898,Гипотеза конечного получателя: вход 50000 KZT от 1; исходящих 0; глубина 3. Только в пределах выгрузки.
100000001746925100,peripheral,0.0,2,0.710587707492149,"Недостаточно признаков роли: отправителей 1, получателей 1, достижим из 10 seed."
100000001782980100,peripheral,0.0,27,0.4974113952445043,"Недостаточно признаков роли: отправителей 1, получателей 1, достижим из 1 seed."
100000001784279100,terminal,0.6483529767301299,0,0.5869223867205025,Гипотеза конечного получателя: вход 35674 KZT от 1; исходящих 0; глубина 3. Только в пределах выгрузки.
100000001785161100,terminal,0.7081293442127531,33,0.6067519066846119,Гипотеза конечного получателя: вход 30000 KZT от 2; исходящих 0; глубина 3. Только в пределах выгрузки.
100000001788284100,distributor,0.8141930835734871,13,0.7749887842081651,Признаки распределения: 5 получателей; выход 296700 KZT; 1 отправителей.
100000001805543100,terminal,0.6746449078271382,16,0.6252803947958726,Гипотеза конечного получателя: вход 59000 KZT от 1; исходящих 0; глубина 1. Только в пределах выгрузки.
100000001808684100,peripheral,0.0,1,0.3267070435172723,"Недостаточно признаков роли: отправителей 1, получателей 1, достижим из 1 seed."
100000001816678100,peripheral,0.0,2,0.6271646478241364,"Недостаточно признаков роли: отправителей 1, получателей 0, достижим из 7 seed. Граница обхода; исходящие неполны."
100000001818442100,terminal,0.6553339377455425,18,0.5960744728577837,Гипотеза конечного получателя: вход 42215 KZT от 1; исходящих 0; глубина 3. Только в пределах выгрузки.
100000001819396100,terminal,0.7165306739196131,14,0.6866532077164648,Гипотеза конечного получателя: вход 166080 KZT от 1; исходящих 0; глубина 3. Только в пределах выгрузки.
100000001822623100,terminal,0.7252342097310366,29,0.6986316733961417,Гипотеза конечного получателя: вход 201300 KZT от 1; исходящих 0; глубина 2. Только в пределах выгрузки.
100000001822650100,peripheral,0.0,4,0.665926424405563,"Недостаточно признаков роли: отправителей 1, получателей 0, достижим из 8 seed. Граница обхода; исходящие неполны."
100000001825934100,peripheral,0.0,26,0.40414087034544643,"Недостаточно признаков роли: отправителей 1, получателей 1, достижим из 1 seed."
100000001831496100,peripheral,0.0,11,0.808030506953791,"Недостаточно признаков роли: отправителей 1, получателей 1, достижим из 7 seed."
100000001835625100,terminal,0.6842550619522514,10,0.6384701659937191,Гипотеза конечного получателя: вход 75130 KZT от 1; исходящих 0; глубина 3. Только в пределах выгрузки.
100000001837130100,terminal,0.7180719250528861,0,0.6892104082548227,Гипотеза конечного получателя: вход 172900 KZT от 1; исходящих 0; глубина 3. Только в пределах выгрузки.
100000001845505100,peripheral,0.0,8,0.5447958725886047,"Недостаточно признаков роли: отправителей 1, получателей 0, достижим из 7 seed. Граница обхода; исходящие неполны."
100000001848426100,terminal,0.6944091870655787,1,0.3736787797218484,Гипотеза конечного получателя: вход 95530 KZT от 1; исходящих 0; глубина 2. Только в пределах выгрузки.
100000001851289100,terminal,0.7013901480809912,16,0.6641767608793181,Гипотеза конечного получателя: вход 109510 KZT от 1; исходящих 0; глубина 1. Только в пределах выгрузки.
100000001852140100,terminal,0.6414626775460864,50,0.29723194257514585,Гипотеза конечного получателя: вход 30000 KZT от 1; исходящих 0; глубина 3. Только в пределах выгрузки.
100000001853812100,terminal,0.6816258688425506,8,0.6349708389412292,Гипотеза конечного получателя: вход 70000 KZT от 1; исходящих 0; глубина 3. Только в пределах выгрузки.
100000001857829100,coordinator,0.9971736204576043,8,0.9914759982054733,Гипотеза координации: достижим из 7 seed; внешних кластеров 5; отправителей/получателей 6/16.
100000001860090100,terminal,0.5717437292233303,1,0.2035576491700314,Гипотеза конечного получателя: вход 5000 KZT от 1; исходящих 0; глубина 3. Только в пределах выгрузки.
100000001870116100,terminal,0.6265034753702025,22,0.27583221175414985,Гипотеза конечного получателя: вход 24000 KZT от 1; исходящих 0; глубина 1. Только в пределах выгрузки.
100000001872484100,peripheral,0.0,39,0.5217272319425752,"Недостаточно признаков роли: отправителей 1, получателей 3, достижим из 1 seed."
100000001875167100,terminal,0.761408280447265,10,0.7601390758187527,Гипотеза конечного получателя: вход 1000000 KZT от 1; исходящих 0; глубина 3. Только в пределах выгрузки.
100000001875239100,consolidator,0.8661151405258387,4,0.846747420367878,Признаки консолидации: 3 отправителей; вход 712000 KZT; 0 получателей.
100000001884825100,consolidator,0.8596781504986402,4,0.7853073126962763,Признаки консолидации: 3 отправителей; вход 495000 KZT; 0 получателей.
100000001887715100,consolidator,0.8719174977334543,35,0.8173844773441006,Признаки консолидации: 3 отправителей; вход 1331500 KZT; 1 получателей.
100000001893287100,peripheral,0.0,1,0.4018079856437865,"Недостаточно признаков роли: отправителей 1, получателей 1, достижим из 1 seed."
100000001899164100,consolidator,0.8870202478090058,7,0.8240466576940332,Признаки консолидации: 4 отправителей; вход 291675 KZT; 3 получателей.
100000001904863100,terminal,0.7523420973103656,40,0.7423732615522656,Гипотеза конечного получателя: вход 500000 KZT от 1; исходящих 0; глубина 2. Только в пределах выгрузки.
100000001924185100,terminal,0.7800241764883651,11,0.7609241812471961,Гипотеза конечного получателя: вход 151000 KZT от 2; исходящих 0; глубина 1. Только в пределах выгрузки.
100000001927599100,terminal,0.7876397703233605,18,0.7222296994167787,Гипотеза конечного получателя: вход 188000 KZT от 2; исходящих 0; глубина 3. Только в пределах выгрузки.
100000001929088100,terminal,0.8,1,0.6009914759982053,Гипотеза конечного получателя: вход 396010 KZT от 2; исходящих 0; глубина 1. Только в пределах выгрузки.
100000001934935100,terminal,0.7043819885161681,0,0.6682144459398833,Гипотеза конечного получателя: вход 118935 KZT от 1; исходящих 0; глубина 3. Только в пределах выгрузки.
100000001937767100,peripheral,0.0,40,0.872902646926873,"Недостаточно признаков роли: отправителей 1, получателей 4, достижим из 11 seed."
100000001952325100,terminal,0.6857963130855244,22,0.3608927770300583,Гипотеза конечного получателя: вход 77888 KZT от 1; исходящих 0; глубина 1. Только в пределах выгрузки.
100000001953577100,terminal,0.6032033847083711,22,0.24420367877972188,Гипотеза конечного получателя: вход 15600 KZT от 1; исходящих 0; глубина 1. Только в пределах выгрузки.
100000001954534100,peripheral,0.0,0,0.6230372364288919,"Недостаточно признаков роли: отправителей 1, получателей 1, достижим из 7 seed."
100000001954903100,terminal,0.6355696585071018,18,0.2887528039479587,Гипотеза конечного получателя: вход 27118 KZT от 1; исходящих 0; глубина 2. Только в пределах выгрузки.
100000001957974100,peripheral,0.0,40,0.7423732615522656,"Недостаточно признаков роли: отправителей 1, получателей 0, достижим из 7 seed. Граница обхода; исходящие неполны."
100000001960517100,terminal,0.7249622242369296,1,0.4882279048900853,Гипотеза конечного получателя: вход 200000 KZT от 1; исходящих 0; глубина 1. Только в пределах выгрузки.
100000001961048100,terminal,0.7129948624962225,33,0.6810004486316734,Гипотеза конечного получателя: вход 150000 KZT от 1; исходящих 0; глубина 2. Только в пределах выгрузки.
100000001965374100,peripheral,0.0,21,0.5473441004934949,"Недостаточно признаков роли: отправителей 2, получателей 3, достижим из 1 seed."
100000001969496100,terminal,0.6222423692958597,40,0.5501794526693584,Гипотеза конечного получателя: вход 22740 KZT от 1; исходящих 0; глубина 3. Только в пределах выгрузки.
100000001985793100,terminal,0.7469930492595951,46,0.45349035441902197,Гипотеза конечного получателя: вход 420000 KZT от 1; исходящих 0; глубина 2. Только в пределах выгрузки.
100000001987030100,peripheral,0.0,3,0.7225886047554958,"Недостаточно признаков роли: отправителей 2, получателей 1, достижим из 7 seed."
100000001991973100,peripheral,0.0,18,0.2658725886047555,"Недостаточно признаков роли: отправителей 1, получателей 0, достижим из 1 seed. Граница обхода; исходящие неполны."
100000002015633100,terminal,0.6940465397401028,10,0.6530058322117541,Гипотеза конечного получателя: вход 94970 KZT от 1; исходящих 0; глубина 3. Только в пределах выгрузки.
100000002028158100,terminal,0.6467210637654881,3,0.584768954688201,Гипотеза конечного получателя: вход 34800 KZT от 1; исходящих 0; глубина 2. Только в пределах выгрузки.
100000002032323100,peripheral,0.0,42,0.7903319874383131,"Недостаточно признаков роли: отправителей 1, получателей 1, достижим из 7 seed."
100000002087788100,terminal,0.6987609549712904,10,0.6604082548227905,Гипотеза конечного получателя: вход 100500 KZT от 1; исходящих 0; глубина 2. Только в пределах выгрузки.
100000002095257100,terminal,0.5805379268661227,7,0.4943248093315388,Гипотеза конечного получателя: вход 8500 KZT от 1; исходящих 0; глубина 3. Только в пределах выгрузки.
100000002103448100,terminal,0.6353883348443639,22,0.28848362494392105,Гипотеза конечного получателя: вход 27000 KZT от 1; исходящих 0; глубина 3. Только в пределах выгрузки.
100000002109656100,terminal,0.7523420973103656,24,0.5323732615522656,Гипотеза конечного получателя: вход 500000 KZT от 1; исходящих 0; глубина 3. Только в пределах выгрузки.
100000002116705100,terminal,0.6092777274100937,22,0.2525482279048901,Гипотеза конечного получателя: вход 17600 KZT от 1; исходящих 0; глубина 3. Только в пределах выгрузки.
100000002119762100,peripheral,0.0,10,0.6407581875280395,"Недостаточно признаков роли: отправителей 1, получателей 0, достижим из 7 seed. Граница обхода; исходящие неполны."
100000002121357100,peripheral,0.0,42,0.8043517272319426,"Недостаточно признаков роли: отправителей 2, получателей 1, достижим из 8 seed."
100000002126791100,peripheral,0.0,4,0.7648497083894122,"Недостаточно признаков роли: отправителей 1, получателей 0, достижим из 9 seed. Граница обхода; исходящие неполны."
100000002130400100,peripheral,0.0,26,0.22589950650515928,"Недостаточно признаков роли: отправителей 1, получателей 0, достижим из 1 seed. Граница обхода; исходящие неполны."
100000002132479100,peripheral,0.0,40,0.5772319425751458,"Недостаточно признаков роли: отправителей 1, получателей 1, достижим из 8 seed."
100000002152857100,distributor,0.8510806916426513,46,0.6428577837595335,Признаки распределения: 5 получателей; выход 1230000 KZT; 1 отправителей.
100000002156381100,peripheral,0.0,11,0.6573575594436967,"Недостаточно признаков роли: отправителей 2, получателей 1, достижим из 8 seed."
100000002158488100,terminal,0.6435478996675733,22,0.30019291161956035,Гипотеза конечного получателя: вход 31723 KZT от 1; исходящих 0; глубина 1. Только в пределах выгрузки.
100000002170580100,terminal,0.7129948624962225,18,0.4010004486316734,Гипотеза конечного получателя: вход 150000 KZT от 1; исходящих 0; глубина 2. Только в пределах выгрузки.
100000002173070100,terminal,0.6414626775460864,16,0.5772319425751458,Гипотеза конечного получателя: вход 30000 KZT от 1; исходящих 0; глубина 2. Только в пределах выгрузки.
100000002173161100,consolidator,0.8720988213961922,16,0.9104755495738,Признаки консолидации: 3 отправителей; вход 1427500 KZT; 0 получателей.
100000002175422100,distributor,0.8838616714697407,36,0.8278375953342305,Признаки распределения: 6 получателей; выход 1621188 KZT; 3 отправителей.
100000002182176100,terminal,0.6555152614082804,0,0.5963436518618215,Гипотеза конечного получателя: вход 42465 KZT от 1; исходящих 0; глубина 1. Только в пределах выгрузки.
100000002184107100,terminal,0.5754608643094591,38,0.48853746074472854,Гипотеза конечного получателя: вход 6066 KZT от 1; исходящих 0; глубина 3. Только в пределах выгрузки.
100000002185328100,peripheral,0.0,32,0.6787572902646927,"Недостаточно признаков роли: отправителей 1, получателей 4, достижим из 7 seed."
100000002188586100,peripheral,0.0,18,0.5902871242709735,"Недостаточно признаков роли: отправителей 1, получателей 0, достижим из 7 seed. Граница обхода; исходящие неполны."
100000002188829100,terminal,0.7459957691145361,2,0.7321444593988335,Гипотеза конечного получателя: вход 400000 KZT от 1; исходящих 0; глубина 1. Только в пределах выгрузки.
100000002193259100,peripheral,0.0,7,0.6690219829519963,"Недостаточно признаков роли: отправителей 2, получателей 3, достижим из 8 seed."
100000002194320100,peripheral,0.0,3,0.713840287124271,"Недостаточно признаков роли: отправителей 1, получателей 0, достижим из 7 seed. Граница обхода; исходящие неполны."
100000002194329100,terminal,0.6307645814445452,0,0.5620233288470166,Гипотеза конечного получателя: вход 25170 KZT от 1; исходящих 0; глубина 3. Только в пределах выгрузки.
100000002199091100,terminal,0.6787246902387428,22,0.35093315388066393,Гипотеза конечного получателя: вход 65000 KZT от 1; исходящих 0; глубина 2. Только в пределах выгрузки.
100000002205022100,peripheral,0.0,31,0.8457155675190668,"Недостаточно признаков роли: отправителей 1, получателей 3, достижим из 10 seed."
100000002208836100,peripheral,0.0,10,0.6497756841633019,"Недостаточно признаков роли: отправителей 1, получателей 0, достижим из 7 seed. Граница обхода; исходящие неполны."
100000002211413100,terminal,0.6495315805379269,22,0.3085374607447286,Гипотеза конечного получателя: вход 37000 KZT от 1; исходящих 0; глубина 1. Только в пределах выгрузки.
100000002212494100,terminal,0.7152614082804473,36,0.6844997756841633,Гипотеза конечного получателя: вход 160000 KZT от 1; исходящих 0; глубина 3. Только в пределах выгрузки.
100000002214207100,peripheral,0.0,26,0.3746209062359803,"Недостаточно признаков роли: отправителей 1, получателей 0, достижим из 1 seed. Граница обхода; исходящие неполны."
100000002214301100,peripheral,0.0,0,0.6272768057424855,"Недостаточно признаков роли: отправителей 1, получателей 1, достижим из 7 seed."
100000002214383100,peripheral,0.0,22,0.42011215791834905,"Недостаточно признаков роли: отправителей 1, получателей 0, достижим из 1 seed. Граница обхода; исходящие неполны."
100000002214570100,terminal,0.634209731036567,22,0.2867339614176761,Гипотеза конечного получателя: вход 26471 KZT от 1; исходящих 0; глубина 1. Только в пределах выгрузки.
100000002214664100,peripheral,0.0,22,0.3896052041274114,"Недостаточно признаков роли: отправителей 1, получателей 1, достижим из 1 seed."
100000002216999100,terminal,0.6250528860682986,22,0.27381336922386723,Гипотеза конечного получателя: вход 23677 KZT от 1; исходящих 0; глубина 3. Только в пределах выгрузки.
100000002217161100,distributor,0.898198847262248,38,0.8727680574248542,Признаки распределения: 7 получателей; выход 995132 KZT; 2 отправителей.
100000002217806100,peripheral,0.0,19,0.6220502467474204,"Недостаточно признаков роли: отправителей 1, получателей 0, достижим из 7 seed. Граница обхода; исходящие неполны."
100000002224132100,consolidator,0.9582426715019644,21,0.6282009869896814,Признаки консолидации: 5 отправителей; вход 3951020 KZT; 4 получателей.
100000002227960100,peripheral,0.0,32,0.5058995065051592,"Недостаточно признаков роли: отправителей 1, получателей 0, достижим из 7 seed. Граница обхода; исходящие неполны."
100000002227989100,peripheral,0.0,32,0.5447958725886047,"Недостаточно признаков роли: отправителей 1, получателей 0, достижим из 7 seed. Граница обхода; исходящие неполны."
100000002229615100,peripheral,0.0,32,0.5617541498429789,"Недостаточно признаков роли: отправителей 1, получателей 0, достижим из 7 seed. Граница обхода; исходящие неполны."
100000002231144100,peripheral,0.0,32,0.5220502467474204,"Недостаточно признаков роли: отправителей 1, получателей 0, достижим из 7 seed. Граница обхода; исходящие неполны."
100000002232266100,terminal,0.6585071018434572,8,0.6010542844324809,Гипотеза конечного получателя: вход 45000 KZT от 1; исходящих 0; глубина 3. Только в пределах выгрузки.
100000002236528100,terminal,0.6789966757328498,1,0.6313369223867205,Гипотеза конечного получателя: вход 66000 KZT от 1; исходящих 0; глубина 3. Только в пределах выгрузки.
100000002241986100,distributor,0.8927953890489915,30,0.8863615971287573,Признаки распределения: 6 получателей; выход 3077000 KZT; 1 отправителей.
100000002242066100,peripheral,0.0,38,0.6271646478241364,"Недостаточно признаков роли: отправителей 1, получателей 0, достижим из 7 seed. Граница обхода; исходящие неполны."
100000002242455100,peripheral,0.0,10,0.6651188873934499,"Недостаточно признаков роли: отправителей 1, получателей 0, достижим из 7 seed. Граница обхода; исходящие неполны."
100000002243354100,terminal,0.619250528860683,22,0.2660071781067743,Гипотеза конечного получателя: вход 20879 KZT от 1; исходящих 0; глубина 1. Только в пределах выгрузки.
100000002255058100,terminal,0.7510728316711998,2,0.46062359802602065,Гипотеза конечного получателя: вход 491500 KZT от 1; исходящих 0; глубина 3. Только в пределах выгрузки.
100000002257794100,terminal,0.7139921426412814,34,0.4026155226558995,Гипотеза конечного получателя: вход 154000 KZT от 1; исходящих 0; глубина 3. Только в пределах выгрузки.
100000002258492100,peripheral,0.0,47,0.4962090623598026,"Недостаточно признаков роли: отправителей 1, получателей 0, достижим из 8 seed. Граница обхода; исходящие неполны."
100000002267998100,peripheral,0.0,29,0.8064378645132346,"Недостаточно признаков роли: отправителей 2, получателей 3, достижим из 7 seed."
100000002284426100,terminal,0.6915986702931399,10,0.6497756841633019,Гипотеза конечного получателя: вход 90000 KZT от 1; исходящих 0; глубина 3. Только в пределах выгрузки.
100000002289937100,terminal,0.618343910546993,22,0.26479587258860476,Гипотеза конечного получателя: вход 20000 KZT от 1; исходящих 0; глубина 1. Только в пределах выгрузки.
100000002293421100,transit,0.6502284388838125,0,0.6489681471511888,"Признаки транзита: вход 41000, выход 47000 KZT; выход/вход=1.15. Совпадение сумм не доказывает движение тех же денег."
100000002299948100,terminal,0.576367482623149,41,0.48974876626289815,Гипотеза конечного получателя: вход 6750 KZT от 1; исходящих 0; глубина 2. Только в пределах выгрузки.
100000002301828100,terminal,0.6603203384708372,28,0.6038806639748766,Гипотеза конечного получателя: вход 46977 KZT от 1; исходящих 0; глубина 3. Только в пределах выгрузки.
100000002304943100,peripheral,0.0,32,0.5220502467474204,"Недостаточно признаков роли: отправителей 1, получателей 0, достижим из 7 seed. Граница обхода; исходящие неполны."
100000002305007100,terminal,0.6733756421879722,22,0.34312696276357113,Гипотеза конечного получателя: вход 56000 KZT от 1; исходящих 0; глубина 3. Только в пределах выгрузки.
100000002305477100,peripheral,0.0,32,0.5447958725886047,"Недостаточно признаков роли: отправителей 1, получателей 0, достижим из 7 seed. Граница обхода; исходящие неполны."
100000002306369100,distributor,0.8337175792507205,2,0.8720278151637505,Признаки распределения: 6 получателей; выход 260900 KZT; 1 отправителей.
100000002308091100,terminal,0.7206104563312179,24,0.41203678779721853,Гипотеза конечного получателя: вход 186720 KZT от 1; исходящих 0; глубина 3. Только в пределах выгрузки.
100000002320495100,peripheral,0.0,28,0.5145132346343652,"Недостаточно признаков роли: отправителей 1, получателей 0, достижим из 7 seed. Граница обхода; исходящие неполны."
100000002324543100,terminal,0.6417346630401934,4,0.2975011215791835,Гипотеза конечного получателя: вход 30202 KZT от 1; исходящих 0; глубина 1. Только в пределах выгрузки.
100000002335358100,terminal,0.7099123602296766,16,0.6764244055630327,Гипотеза конечного получателя: вход 140000 KZT от 1; исходящих 0; глубина 2. Только в пределах выгрузки.
100000002340562100,terminal,0.6491689332124508,1,0.30813369223867204,Гипотеза конечного получателя: вход 36650 KZT от 1; исходящих 0; глубина 2. Только в пределах выгрузки.
100000002343825100,consolidator,0.8504306436990028,42,0.8329295648272768,Признаки консолидации: 3 отправителей; вход 350000 KZT; 2 получателей.
100000002346166100,terminal,0.5751888788153521,22,0.20813369223867206,Гипотеза конечного получателя: вход 6000 KZT от 1; исходящих 0; глубина 3. Только в пределах выгрузки.
100000002356167100,peripheral,0.0,10,0.7649842978914311,"Недостаточно признаков роли: отправителей 1, получателей 2, достижим из 7 seed."
100000002369443100,terminal,0.6673919613176186,22,0.33397487662628983,Гипотеза конечного получателя: вход 50000 KZT от 1; исходящих 0; глубина 3. Только в пределах выгрузки.
100000002369454100,peripheral,0.0,8,0.5617541498429789,"Недостаточно признаков роли: отправителей 1, получателей 0, достижим из 7 seed. Граница обхода; исходящие неполны."
100000002369510100,terminal,0.6498035660320338,22,0.30880663974876627,Гипотеза конечного получателя: вход 37150 KZT от 1; исходящих 0; глубина 3. Только в пределах выгрузки.
100000002369874100,consolidator,0.9060592323964944,4,0.8506953790937639,Признаки консолидации: 4 отправителей; вход 600000 KZT; 0 получателей.
100000002371751100,peripheral,0.0,37,0.4589187976671153,"Недостаточно признаков роли: отправителей 1, получателей 1, достижим из 1 seed."
100000002371892100,peripheral,0.0,51,0.5974203678779721,"Недостаточно признаков роли: отправителей 1, получателей 0, достижим из 7 seed. Граница обхода; исходящие неполны."
100000002373144100,peripheral,0.0,0,0.6324585015702108,"Недостаточно признаков роли: отправителей 1, получателей 1, достижим из 7 seed."
100000002373386100,terminal,0.6265034753702025,22,0.27583221175414985,Гипотеза конечного получателя: вход 24000 KZT от 1; исходящих 0; глубина 3. Только в пределах выгрузки.
100000002380341100,terminal,0.6740102750075552,0,0.6239344997756842,Гипотеза конечного получателя: вход 57566 KZT от 1; исходящих 0; глубина 3. Только в пределах выгрузки.
100000002391278100,peripheral,0.0,46,0.3373396141767609,"Недостаточно признаков роли: отправителей 1, получателей 1, достижим из 1 seed."
100000002394199100,peripheral,0.0,1,0.43424405563032753,"Недостаточно признаков роли: отправителей 1, получателей 1, достижим из 1 seed."
100000002398779100,consolidator,0.9953762466001814,0,0.9281965006729476,Признаки консолидации: 13 отправителей; вход 1095690 KZT; 1 получателей.
100000002404112100,peripheral,0.0,14,0.6271646478241364,"Недостаточно признаков роли: отправителей 1, получателей 0, достижим из 7 seed. Граница обхода; исходящие неполны."
100000002432143100,terminal,0.6870655787246902,2,0.6429116195603409,Гипотеза конечного получателя: вход 81310 KZT от 1; исходящих 0; глубина 2. Только в пределах выгрузки.
100000002433697100,transit,0.6761471957437375,10,0.7019066846119336,"Признаки транзита: вход 130000, выход 110000 KZT; выход/вход=0.85. Совпадение сумм не доказывает движение тех же денег."
100000002435265100,terminal,0.7074644907827138,0,0.672790489008524,Гипотеза конечного получателя: вход 132628 KZT от 1; исходящих 0; глубина 3. Только в пределах выгрузки.
100000002443664100,consolidator,0.8627606527651859,24,0.8908254822790489,Признаки консолидации: 3 отправителей; вход 556880 KZT; 0 получателей.
100000002445750100,peripheral,0.0,0,0.6644908030506953,"Недостаточно признаков роли: отправителей 1, получателей 1, достижим из 7 seed."
100000002448088100,peripheral,0.0,32,0.6638851502916105,"Недостаточно признаков роли: отправителей 3, получателей 1, достижим из 7 seed."
100000002454724100,terminal,0.705832577818072,33,0.6709062359802602,Гипотеза конечного получателя: вход 125000 KZT от 1; исходящих 0; глубина 2. Только в пределах выгрузки.
100000002457464100,terminal,0.6792686612269567,2,0.6318752803947958,Гипотеза конечного получателя: вход 66647 KZT от 1; исходящих 0; глубина 2. Только в пределах выгрузки.
100000002459093100,peripheral,0.0,46,0.4918932256617317,"Недостаточно признаков роли: отправителей 1, получателей 1, достижим из 1 seed."
100000002459163100,terminal,0.618434572378362,39,0.2649304620906236,Гипотеза конечного получателя: вход 20180 KZT от 1; исходящих 0; глубина 2. Только в пределах выгрузки.
100000002459164100,terminal,0.618343910546993,0,0.5447958725886047,Гипотеза конечного получателя: вход 20000 KZT от 1; исходящих 0; глубина 3. Только в пределах выгрузки.
100000002459240100,terminal,0.7129948624962225,10,0.6810004486316734,Гипотеза конечного получателя: вход 150000 KZT от 1; исходящих 0; глубина 3. Только в пределах выгрузки.
100000002459832100,terminal,0.8,8,0.7875056078959175,Гипотеза конечного получателя: вход 880606 KZT от 2; исходящих 0; глубина 3. Только в пределах выгрузки.
100000002462183100,terminal,0.7007555152614082,52,0.38336922386720507,Гипотеза конечного получателя: вход 107500 KZT от 1; исходящих 0; глубина 1. Только в пределах выгрузки.
100000002469065100,terminal,0.7249622242369296,16,0.6982279048900852,Гипотеза конечного получателя: вход 200000 KZT от 1; исходящих 0; глубина 2. Только в пределах выгрузки.
100000002472632100,peripheral,0.0,13,0.7869223867205024,"Недостаточно признаков роли: отправителей 2, получателей 1, достижим из 7 seed."
100000002474570100,peripheral,0.0,18,0.20974876626289818,"Недостаточно признаков роли: отправителей 1, получателей 0, достижим из 1 seed. Граница обхода; исходящие неполны."
100000002475601100,terminal,0.7293139921426413,8,0.42374607447285784,Гипотеза конечного получателя: вход 232301 KZT от 1; исходящих 0; глубина 3. Только в пределах выгрузки.
100000002478829100,peripheral,0.0,32,0.5836922386720502,"Недостаточно признаков роли: отправителей 1, получателей 0, достижим из 7 seed. Граница обхода; исходящие неполны."
100000002479804100,peripheral,0.0,2,0.4165455361148497,"Недостаточно признаков роли: отправителей 1, получателей 2, достижим из 1 seed."
100000002480800100,terminal,0.8,2,0.7762000897263346,Гипотеза конечного получателя: вход 569251 KZT от 2; исходящих 0; глубина 1. Только в пределах выгрузки.
100000002481735100,terminal,0.6219703838017527,16,0.5497756841633019,Гипотеза конечного получателя: вход 22436 KZT от 1; исходящих 0; глубина 2. Только в пределах выгрузки.
100000002481974100,peripheral,0.0,8,0.8243158366980708,"Недостаточно признаков роли: отправителей 2, получателей 2, достижим из 7 seed."
100000002487222100,peripheral,0.0,10,0.6497756841633019,"Недостаточно признаков роли: отправителей 1, получателей 0, достижим из 7 seed. Граница обхода; исходящие неполны."
100000002488629100,terminal,0.6828951344817166,1,0.35685509196949305,Гипотеза конечного получателя: вход 73050 KZT от 1; исходящих 0; глубина 2. Только в пределах выгрузки.
100000002489253100,terminal,0.6685705651254156,16,0.6155899506505159,Гипотеза конечного получателя: вход 51000 KZT от 1; исходящих 0; глубина 2. Только в пределах выгрузки.
100000002492277100,terminal,0.7089150800846177,2,0.6749439210408255,Гипотеза конечного получателя: вход 138500 KZT от 1; исходящих 0; глубина 2. Только в пределах выгрузки.
100000002505277100,peripheral,0.0,0,0.6271646478241364,"Недостаточно признаков роли: отправителей 1, получателей 0, достижим из 7 seed. Граница обхода; исходящие неполны."
100000002506987100,peripheral,0.0,18,0.5696949304620906,"Недостаточно признаков роли: отправителей 1, получателей 0, достижим из 7 seed. Граница обхода; исходящие неполны."
100000002508637100,peripheral,0.0,8,0.47076267384477344,"Недостаточно признаков роли: отправителей 1, получателей 1, достижим из 1 seed."
100000002509598100,terminal,0.7389241462677546,24,0.5109735307312696,Гипотеза конечного получателя: вход 305550 KZT от 1; исходящих 0; глубина 3. Только в пределах выгрузки.
100000002511581100,terminal,0.6092777274100937,22,0.2525482279048901,Гипотеза конечного получателя: вход 17600 KZT от 1; исходящих 0; глубина 3. Только в пределах выгрузки.
100000002511825100,terminal,0.6787246902387428,0,0.630933153880664,Гипотеза конечного получателя: вход 65000 KZT от 1; исходящих 0; глубина 1. Только в пределах выгрузки.
100000002512742100,peripheral,0.0,18,0.20813369223867206,"Недостаточно признаков роли: отправителей 1, получателей 0, достижим из 1 seed. Граница обхода; исходящие неполны."
100000002513028100,peripheral,0.0,53,0.8256617317182593,"Недостаточно признаков роли: отправителей 1, получателей 3, достижим из 7 seed."
100000002514975100,peripheral,0.0,14,0.5332211754149843,"Недостаточно признаков роли: отправителей 1, получателей 0, достижим из 7 seed. Граница обхода; исходящие неполны."
100000002516862100,peripheral,0.0,53,0.6433153880663974,"Недостаточно признаков роли: отправителей 1, получателей 0, достижим из 7 seed. Граница обхода; исходящие неполны."
100000002521039100,terminal,0.7417346630401934,0,0.7258187528039479,Гипотеза конечного получателя: вход 349370 KZT от 1; исходящих 0; глубина 3. Только в пределах выгрузки.
100000002527114100,distributor,0.8446109510086456,22,0.49668012561686853,Признаки распределения: 111 получателей; выход 3289249 KZT; 3 отправителей. Seed: входящие неполны.
100000002528544100,terminal,0.7221517074644908,8,0.41419021982952,Гипотеза конечного получателя: вход 192912 KZT от 1; исходящих 0; глубина 3. Только в пределах выгрузки.
100000002528978100,peripheral,0.0,18,0.5251458052938537,"Недостаточно признаков роли: отправителей 1, получателей 0, достижим из 7 seed. Граница обхода; исходящие неполны."
100000002529877100,peripheral,0.0,24,0.7036114849708389,"Недостаточно признаков роли: отправителей 1, получателей 0, достижим из 8 seed. Граница обхода; исходящие неполны."
100000002529880100,terminal,0.7783016016923542,42,0.7585015702108568,Гипотеза конечного получателя: вход 147000 KZT от 2; исходящих 0; глубина 3. Только в пределах выгрузки.
100000002530224100,terminal,0.7031127228770021,4,0.666733961417676,Гипотеза конечного получателя: вход 113000 KZT от 1; исходящих 0; глубина 3. Только в пределах выгрузки.
100000002531406100,transit,0.8990800266016404,8,0.49350829968595783,"Признаки транзита: вход 520000, выход 500000 KZT; выход/вход=0.96. Совпадение сумм не доказывает движение тех же денег."
100000002534091100,terminal,0.6217890601390148,8,0.5495065051592642,Гипотеза конечного получателя: вход 22200 KZT от 1; исходящих 0; глубина 3. Только в пределах выгрузки.
100000002537811100,peripheral,0.0,11,0.646052041274114,"Недостаточно признаков роли: отправителей 1, получателей 1, достижим из 11 seed."
100000002539625100,terminal,0.6937745542459958,42,0.6526020637056976,Гипотеза конечного получателя: вход 94700 KZT от 1; исходящих 0; глубина 2. Только в пределах выгрузки.
100000002540033100,peripheral,0.0,35,0.5058995065051592,"Недостаточно признаков роли: отправителей 1, получателей 0, достижим из 9 seed. Граница обхода; исходящие неполны."
100000002540623100,terminal,0.6985796313085524,18,0.38027366532077167,Гипотеза конечного получателя: вход 100000 KZT от 1; исходящих 0; глубина 2. Только в пределах выгрузки.
100000002546921100,terminal,0.618343910546993,40,0.5447958725886047,Гипотеза конечного получателя: вход 20000 KZT от 1; исходящих 0; глубина 3. Только в пределах выгрузки.
100000002547110100,consolidator,0.9973708068902992,42,0.8770300583221176,Признаки консолидации: 6 отправителей; вход 1500000 KZT; 0 получателей.
100000002548759100,terminal,0.8,4,0.7584342754598474,Гипотеза конечного получателя: вход 375000 KZT от 2; исходящих 0; глубина 3. Только в пределах выгрузки.
100000002550141100,terminal,0.6988516168026594,8,0.6605428443248094,Гипотеза конечного получателя: вход 100586 KZT от 1; исходящих 0; глубина 3. Только в пределах выгрузки.
100000002554175100,terminal,0.6274100936838924,18,0.5569089277703005,Гипотеза конечного получателя: вход 24621 KZT от 1; исходящих 0; глубина 3. Только в пределах выгрузки.
100000002556775100,terminal,0.7386521607736476,10,0.7205697622252131,Гипотеза конечного получателя: вход 300000 KZT от 1; исходящих 0; глубина 3. Только в пределах выгрузки.
100000002558173100,terminal,0.5820791779993956,41,0.4966128308658591,Гипотеза конечного получателя: вход 9300 KZT от 1; исходящих 0; глубина 2. Только в пределах выгрузки.
100000002559089100,terminal,0.8,24,0.8319874383131449,Гипотеза конечного получателя: вход 715000 KZT от 2; исходящих 0; глубина 3. Только в пределах выгрузки.
100000002565277100,terminal,0.7505288606829859,2,0.7398160610139075,Гипотеза конечного получателя: вход 483319 KZT от 1; исходящих 0; глубина 1. Только в пределах выгрузки.
100000002566204100,terminal,0.6867935932305833,18,0.36250785105428446,Гипотеза конечного получателя: вход 80805 KZT от 1; исходящих 0; глубина 2. Только в пределах выгрузки.
100000002567887100,terminal,0.6680265941372016,10,0.6149170031404216,Гипотеза конечного получателя: вход 50915 KZT от 1; исходящих 0; глубина 3. Только в пределах выгрузки.
100000002570206100,terminal,0.7833786642490178,28,0.7664423508299686,Гипотеза конечного получателя: вход 166960 KZT от 2; исходящих 0; глубина 2. Только в пределах выгрузки.
100000002575080100,transit,0.7685324761693638,3,0.5430910722296994,"Признаки транзита: вход 13000, выход 12500 KZT; выход/вход=0.96. Совпадение сумм не доказывает движение тех же денег."
100000002578405100,distributor,0.993371757925072,22,0.5665006729475102,Признаки распределения: 116 получателей; выход 3108352 KZT; 2 отправителей.
100000002578653100,terminal,0.618343910546993,54,0.5447958725886047,Гипотеза конечного получателя: вход 20000 KZT от 1; исходящих 0; глубина 3. Только в пределах выгрузки.
100000002580377100,peripheral,0.0,16,0.6192687303723643,"Недостаточно признаков роли: отправителей 1, получателей 1, достижим из 7 seed."
100000002581346100,terminal,0.7166213357509822,10,0.6867877972184836,Гипотеза конечного получателя: вход 166400 KZT от 1; исходящих 0; глубина 3. Только в пределах выгрузки.
100000002589019100,terminal,0.646630401934119,7,0.30463436518618214,Гипотеза конечного получателя: вход 34710 KZT от 1; исходящих 0; глубина 1. Только в пределах выгрузки.
100000002591469100,terminal,0.7299486249622242,1,0.4248227904890085,Гипотеза конечного получателя: вход 235670 KZT от 1; исходящих 0; глубина 1. Только в пределах выгрузки.
100000002592567100,peripheral,0.0,16,0.7017945266935846,"Недостаточно признаков роли: отправителей 1, получателей 2, достижим из 7 seed."
100000002593038100,terminal,0.6367482623148988,7,0.5706370569762225,Гипотеза конечного получателя: вход 28500 KZT от 1; исходящих 0; глубина 2. Только в пределах выгрузки.
100000002593344100,terminal,0.8,4,0.8143562135486766,Гипотеза конечного получателя: вход 431000 KZT от 2; исходящих 0; глубина 3. Только в пределах выгрузки.
100000002594214100,peripheral,0.0,30,0.7601390758187527,"Недостаточно признаков роли: отправителей 1, получателей 0, достижим из 7 seed. Граница обхода; исходящие неполны."
100000002596035100,terminal,0.7291326684799033,11,0.7034768954688201,Гипотеза конечного получателя: вход 231570 KZT от 1; исходящих 0; глубина 1. Только в пределах выгрузки.
100000002596039100,peripheral,0.0,8,0.7150515926424406,"Недостаточно признаков роли: отправителей 1, получателей 0, достижим из 7 seed. Граница обхода; исходящие неполны."
100000002597003100,peripheral,0.0,0,0.562202781516375,"Недостаточно признаков роли: отправителей 1, получателей 1, достижим из 7 seed."
100000002597074100,peripheral,0.0,0,0.4935172723194257,"Недостаточно признаков роли: отправителей 1, получателей 0, достижим из 7 seed. Граница обхода; исходящие неполны."
100000002597623100,terminal,0.6051072831671199,0,0.5271646478241364,Гипотеза конечного получателя: вход 16418 KZT от 1; исходящих 0; глубина 3. Только в пределах выгрузки.
100000002599729100,peripheral,0.0,0,0.630933153880664,"Недостаточно признаков роли: отправителей 1, получателей 0, достижим из 7 seed. Граница обхода; исходящие неполны."
100000002600345100,terminal,0.7363251737685101,16,0.6467249887842081,Гипотеза конечного получателя: вход 52400 KZT от 2; исходящих 0; глубина 1. Только в пределах выгрузки.
100000002603371100,terminal,0.5820791779993956,0,0.4966128308658591,Гипотеза конечного получателя: вход 9300 KZT от 1; исходящих 0; глубина 3. Только в пределах выгрузки.
100000002603478100,terminal,0.6240556059232396,7,0.2724674742036788,Гипотеза конечного получателя: вход 23500 KZT от 1; исходящих 0; глубина 1. Только в пределах выгрузки.
100000002603769100,consolidator,0.8711922030825023,0,0.8073799910273665,Признаки консолидации: 3 отправителей; вход 1185368 KZT; 0 получателей.
100000002605184100,terminal,0.7099123602296766,3,0.6764244055630327,Гипотеза конечного получателя: вход 140000 KZT от 1; исходящих 0; глубина 2. Только в пределах выгрузки.
100000002605308100,consolidator,0.874274705349048,40,0.8184163301929115,Признаки консолидации: 3 отправителей; вход 2569522 KZT; 0 получателей.
100000002605548100,terminal,0.7702326987005137,11,0.7469268730372365,Гипотеза конечного получателя: вход 116695 KZT от 2; исходящих 0; глубина 1. Только в пределах выгрузки.
100000002606567100,peripheral,0.0,0,0.64766711529834,"Недостаточно признаков роли: отправителей 1, получателей 1, достижим из 7 seed."
100000002609774100,peripheral,0.0,18,0.6484073575594437,"Недостаточно признаков роли: отправителей 1, получателей 1, достижим из 7 seed."
100000002611334100,peripheral,0.0,0,0.6359578286227008,"Недостаточно признаков роли: отправителей 1, получателей 1, достижим из 7 seed."
100000002612809100,peripheral,0.0,26,0.4314176760879318,"Недостаточно признаков роли: отправителей 1, получателей 3, достижим из 1 seed."
100000002613776100,terminal,0.6414626775460864,2,0.5772319425751458,Гипотеза конечного получателя: вход 30000 KZT от 1; исходящих 0; глубина 2. Только в пределах выгрузки.
100000002613929100,terminal,0.6368389241462677,4,0.5709062359802601,Гипотеза конечного получателя: вход 28560 KZT от 1; исходящих 0; глубина 3. Только в пределах выгрузки.
100000002614095100,terminal,0.5727410093683892,22,0.20490354419021983,Гипотеза конечного получателя: вход 5300 KZT от 1; исходящих 0; глубина 3. Только в пределах выгрузки.
100000002615479100,terminal,0.7275914173466305,4,0.4215926424405563,Гипотеза конечного получателя: вход 220000 KZT от 1; исходящих 0; глубина 1. Только в пределах выгрузки.
100000002618492100,terminal,0.8,11,0.7976671152983401,Гипотеза конечного получателя: вход 296500 KZT от 2; исходящих 0; глубина 1. Только в пределах выгрузки.
100000002621434100,terminal,0.6869749168933212,4,0.6427770300583221,Гипотеза конечного получателя: вход 81000 KZT от 1; исходящих 0; глубина 3. Только в пределах выгрузки.
100000002621915100,terminal,0.5717437292233303,16,0.4835576491700314,Гипотеза конечного получателя: вход 5000 KZT от 1; исходящих 0; глубина 2. Только в пределах выгрузки.
100000002621949100,terminal,0.7158053792686612,2,0.6853073126962763,Гипотеза конечного получателя: вход 164612 KZT от 1; исходящих 0; глубина 1. Только в пределах выгрузки.
100000002622822100,peripheral,0.0,35,0.7540825482279048,"Недостаточно признаков роли: отправителей 1, получателей 0, достижим из 9 seed. Граница обхода; исходящие неполны."
100000002628146100,terminal,0.6419159867029314,41,0.5777703005832211,Гипотеза конечного получателя: вход 30500 KZT от 1; исходящих 0; глубина 2. Только в пределах выгрузки.
100000002628576100,peripheral,0.0,10,0.8555406011664424,"Недостаточно признаков роли: отправителей 2, получателей 2, достижим из 7 seed."
100000002632742100,terminal,0.7965246297975219,42,0.7842081650964559,Гипотеза конечного получателя: вход 235500 KZT от 2; исходящих 0; глубина 3. Только в пределах выгрузки.
100000002633108100,terminal,0.7396494409187065,40,0.7225886047554957,Гипотеза конечного получателя: вход 320000 KZT от 1; исходящих 0; глубина 3. Только в пределах выгрузки.
100000002633701100,terminal,0.734119069205198,4,0.4322252131000449,Гипотеза конечного получателя: вход 266850 KZT от 1; исходящих 0; глубина 2. Только в пределах выгрузки.
100000002635746100,peripheral,0.0,18,0.20490354419021983,"Недостаточно признаков роли: отправителей 1, получателей 0, достижим из 1 seed. Граница обхода; исходящие неполны."
100000002635780100,terminal,0.7156240556059232,1,0.6849035441902198,Гипотеза конечного получателя: вход 163000 KZT от 1; исходящих 0; глубина 2. Только в пределах выгрузки.
100000002644285100,terminal,0.7523420973103656,24,0.5323732615522656,Гипотеза конечного получателя: вход 500000 KZT от 1; исходящих 0; глубина 3. Только в пределах выгрузки.
100000002645046100,peripheral,0.0,18,0.23034096007178106,"Недостаточно признаков роли: отправителей 1, получателей 0, достижим из 1 seed. Граница обхода; исходящие неполны."
100000002645609100,consolidator,0.9040646721063765,0,0.8475998205473306,Признаки консолидации: 4 отправителей; вход 546821 KZT; 0 получателей.
100000002645993100,peripheral,0.0,0,0.8082323912068191,"Недостаточно признаков роли: отправителей 2, получателей 5, достижим из 7 seed."
100000002646745100,terminal,0.5937745542459958,22,0.23141767608793182,Гипотеза конечного получателя: вход 12300 KZT от 1; исходящих 0; глубина 3. Только в пределах выгрузки.
100000002646887100,terminal,0.6270474463584165,42,0.556505159264244,Гипотеза конечного получателя: вход 24354 KZT от 1; исходящих 0; глубина 3. Только в пределах выгрузки.
100000002648315100,peripheral,0.0,1,0.43707043517272315,"Недостаточно признаков роли: отправителей 1, получателей 2, достижим из 1 seed."
100000002653187100,peripheral,0.0,7,0.5220502467474204,"Недостаточно признаков роли: отправителей 1, получателей 0, достижим из 8 seed. Граница обхода; исходящие неполны."
100000002653948100,terminal,0.6891508008461771,10,0.6461417676087932,Гипотеза конечного получателя: вход 85200 KZT от 1; исходящих 0; глубина 3. Только в пределах выгрузки.
100000002659103100,peripheral,0.0,49,0.6862494392104083,"Недостаточно признаков роли: отправителей 1, получателей 0, достижим из 7 seed. Граница обхода; исходящие неполны."
100000002659265100,peripheral,0.0,4,0.6769627635711081,"Недостаточно признаков роли: отправителей 1, получателей 0, достижим из 8 seed. Граница обхода; исходящие неполны."
100000002660298100,peripheral,0.0,18,0.5783086585912965,"Недостаточно признаков роли: отправителей 1, получателей 0, достижим из 7 seed. Граница обхода; исходящие неполны."
100000002662768100,terminal,0.6884255061952251,2,0.3651996410946613,Гипотеза конечного получателя: вход 84300 KZT от 1; исходящих 0; глубина 1. Только в пределах выгрузки.
100000002663511100,terminal,0.734481716530674,0,0.7127635711081202,Гипотеза конечного получателя: вход 268940 KZT от 1; исходящих 0; глубина 3. Только в пределах выгрузки.
100000002666248100,terminal,0.6818071925052887,2,0.6352400179452669,Гипотеза конечного получателя: вход 70032 KZT от 1; исходящих 0; глубина 1. Только в пределах выгрузки.
100000002670463100,peripheral,0.0,18,0.29965455361148496,"Недостаточно признаков роли: отправителей 1, получателей 0, достижим из 1 seed. Граница обхода; исходящие неполны."
100000002670860100,terminal,0.8,24,0.6761058770749215,Гипотеза конечного получателя: вход 450000 KZT от 2; исходящих 0; глубина 1. Только в пределах выгрузки.
100000002670960100,terminal,0.7504381988516168,24,0.5296814715118887,Гипотеза конечного получателя: вход 480310 KZT от 1; исходящих 0; глубина 3. Только в пределах выгрузки.
100000002671326100,peripheral,0.0,42,0.760812023328847,"Недостаточно признаков роли: отправителей 1, получателей 0, достижим из 7 seed. Граница обхода; исходящие неполны."
100000002671806100,terminal,0.5938652160773648,7,0.23155226558995065,Гипотеза конечного получателя: вход 12440 KZT от 1; исходящих 0; глубина 1. Только в пределах выгрузки.
100000002677201100,peripheral,0.0,42,0.7105204127411395,"Недостаточно признаков роли: отправителей 1, получателей 1, достижим из 8 seed."
100000002679516100,consolidator,0.8076382592928377,7,0.7556303275011216,Признаки консолидации: 3 отправителей; вход 102335 KZT; 0 получателей.
100000002680477100,terminal,0.6305832577818071,24,0.2817541498429789,Гипотеза конечного получателя: вход 25000 KZT от 1; исходящих 0; глубина 2. Только в пределах выгрузки.
100000002681449100,peripheral,0.0,42,0.7750560789591745,"Недостаточно признаков роли: отправителей 2, получателей 2, достижим из 7 seed."
100000002681544100,terminal,0.7831066787549108,1,0.7660385823239121,Гипотеза конечного получателя: вход 166072 KZT от 2; исходящих 0; глубина 3. Только в пределах выгрузки.
100000002686226100,peripheral,0.0,28,0.7345670704351727,"Недостаточно признаков роли: отправителей 1, получателей 0, достижим из 7 seed. Граница обхода; исходящие неполны."
100000002689717100,peripheral,0.0,18,0.6060340960071781,"Недостаточно признаков роли: отправителей 1, получателей 0, достижим из 7 seed. Граница обхода; исходящие неполны."
100000002691583100,terminal,0.7364762768207918,14,0.7158591296545536,Гипотеза конечного получателя: вход 285200 KZT от 1; исходящих 0; глубина 3. Только в пределах выгрузки.
100000002691858100,terminal,0.6689332124508915,41,0.6161283086585913,Гипотеза конечного получателя: вход 51500 KZT от 1; исходящих 0; глубина 2. Только в пределах выгрузки.
100000002692044100,terminal,0.6948624962224237,7,0.3746209062359803,Гипотеза конечного получателя: вход 97000 KZT от 1; исходящих 0; глубина 1. Только в пределах выгрузки.
100000002692750100,consolidator,0.8109927470534906,1,0.7106101390758187,Признаки консолидации: 3 отправителей; вход 112830 KZT; 1 получателей.
100000002695812100,peripheral,0.0,18,0.6535441902198295,"Недостаточно признаков роли: отправителей 1, получателей 0, достижим из 7 seed. Граница обхода; исходящие неполны."
100000002696152100,peripheral,0.0,11,0.662202781516375,"Недостаточно признаков роли: отправителей 1, получателей 2, достижим из 8 seed."
100000002697752100,terminal,0.7882744031429435,8,0.7730372364288919,Гипотеза конечного получателя: вход 190785 KZT от 2; исходящих 0; глубина 3. Только в пределах выгрузки.
100000002700161100,peripheral,0.0,45,0.5908254822790489,"Недостаточно признаков роли: отправителей 1, получателей 0, достижим из 10 seed. Граница обхода; исходящие неполны."
100000002702968100,peripheral,0.0,18,0.5799237326155227,"Недостаточно признаков роли: отправителей 1, получателей 0, достижим из 7 seed. Граница обхода; исходящие неполны."
100000002703376100,terminal,0.6598670293139921,0,0.6032077164647824,Гипотеза конечного получателя: вход 46501 KZT от 1; исходящих 0; глубина 2. Только в пределах выгрузки.
100000002704875100,consolidator,0.8397325475974615,8,0.8517945266935846,Признаки консолидации: 3 отправителей; вход 244891 KZT; 0 получателей.
100000002705460100,terminal,0.6943185252342097,16,0.6535441902198295,Гипотеза конечного получателя: вход 95000 KZT от 1; исходящих 0; глубина 3. Только в пределах выгрузки.
100000002706810100,peripheral,0.0,18,0.32105428443248096,"Недостаточно признаков роли: отправителей 1, получателей 0, достижим из 1 seed. Граница обхода; исходящие неполны."
100000002707106100,peripheral,0.0,40,0.5220502467474204,"Недостаточно признаков роли: отправителей 1, получателей 0, достижим из 7 seed. Граница обхода; исходящие неполны."
100000002708624100,terminal,0.6305832577818071,13,0.5617541498429789,Гипотеза конечного получателя: вход 25000 KZT от 1; исходящих 0; глубина 3. Только в пределах выгрузки.
100000002710570100,terminal,0.7281353883348444,36,0.7021310004486316,Гипотеза конечного получателя: вход 225015 KZT от 1; исходящих 0; глубина 2. Только в пределах выгрузки.
100000002712416100,terminal,0.7704140223632517,24,0.7470614625392553,Гипотеза конечного получателя: вход 116800 KZT от 2; исходящих 0; глубина 3. Только в пределах выгрузки.
100000002713074100,peripheral,0.0,28,0.7963436518618214,"Недостаточно признаков роли: отправителей 2, получателей 1, достижим из 7 seed."
100000002713974100,peripheral,0.0,8,0.6139748766262898,"Недостаточно признаков роли: отправителей 1, получателей 0, достижим из 7 seed. Граница обхода; исходящие неполны."
100000002718366100,consolidator,0.9991840435176791,4,0.9332211754149842,Признаки консолидации: 6 отправителей; вход 2525000 KZT; 0 получателей.
100000002720627100,terminal,0.7233303112722878,11,0.6959398833557648,Гипотеза конечного получателя: вход 199300 KZT от 1; исходящих 0; глубина 1. Только в пределах выгрузки.
100000002721825100,terminal,0.5910546993049259,0,0.5080529385374607,Гипотеза конечного получателя: вход 11000 KZT от 1; исходящих 0; глубина 2. Только в пределах выгрузки.
100000002722108100,terminal,0.7595043819885161,24,0.545697622252131,Гипотеза конечного получателя: вход 800000 KZT от 1; исходящих 0; глубина 3. Только в пределах выгрузки.
100000002723439100,peripheral,0.0,11,0.5355091969493047,"Недостаточно признаков роли: отправителей 1, получателей 0, достижим из 8 seed. Граница обхода; исходящие неполны."
100000002723538100,coordinator,0.9838492597577388,8,0.9631224764468371,Гипотеза координации: достижим из 7 seed; внешних кластеров 6; отправителей/получателей 3/12.
100000002723674100,peripheral,0.0,32,0.5772319425751458,"Недостаточно признаков роли: отправителей 1, получателей 0, достижим из 7 seed. Граница обхода; исходящие неполны."
100000002726055100,peripheral,0.0,32,0.5058995065051592,"Недостаточно признаков роли: отправителей 1, получателей 0, достижим из 7 seed. Граница обхода; исходящие неполны."
100000002727288100,terminal,0.604653974010275,3,0.5264917003140421,Гипотеза конечного получателя: вход 16000 KZT от 1; исходящих 0; глубина 3. Только в пределах выгрузки.
100000002728246100,peripheral,0.0,10,0.5058995065051592,"Недостаточно признаков роли: отправителей 1, получателей 0, достижим из 7 seed. Граница обхода; исходящие неполны."
100000002729875100,peripheral,0.0,18,0.639412292507851,"Недостаточно признаков роли: отправителей 1, получателей 0, достижим из 7 seed. Граница обхода; исходящие неполны."
100000002731501100,distributor,0.8944524495677234,34,0.5398070883804397,Признаки распределения: 7 получателей; выход 833960 KZT; 3 отправителей.
100000002733083100,peripheral,0.0,18,0.5223194257514581,"Недостаточно признаков роли: отправителей 1, получателей 0, достижим из 7 seed. Граница обхода; исходящие неполны."
100000002733905100,consolidator,0.8069129646418858,22,0.5170165993719156,Признаки консолидации: 3 отправителей; вход 100000 KZT; 2 получателей.
100000002734815100,peripheral,0.0,4,0.6651188873934499,"Недостаточно признаков роли: отправителей 1, получателей 0, достижим из 8 seed. Граница обхода; исходящие неполны."
100000002736033100,peripheral,0.0,28,0.6136159712875728,"Недостаточно признаков роли: отправителей 1, получателей 1, достижим из 7 seed."
100000002736316100,consolidator,0.8425430643699003,0,0.8567743382682818,Признаки консолидации: 3 отправителей; вход 266921 KZT; 0 получателей.
100000002737980100,terminal,0.6445451798126323,16,0.5816733961417676,Гипотеза конечного получателя: вход 32900 KZT от 1; исходящих 0; глубина 3. Только в пределах выгрузки.
100000002738256100,transit,0.6742322436559133,55,0.40934499775684163,"Признаки транзита: вход 150200, выход 175000 KZT; выход/вход=1.17. Совпадение сумм не доказывает движение тех же денег."
100000002741024100,distributor,0.8536023054755044,0,0.8694033198743831,Признаки распределения: 6 получателей; выход 434989 KZT; 5 отправителей.
100000002742067100,terminal,0.5944091870655787,3,0.5123598026020637,Гипотеза конечного получателя: вход 12730 KZT от 1; исходящих 0; глубина 2. Только в пределах выгрузки.
100000002744581100,terminal,0.5927772741009368,1,0.23034096007178106,Гипотеза конечного получателя: вход 12000 KZT от 1; исходящих 0; глубина 2. Только в пределах выгрузки.
100000002748040100,peripheral,0.0,18,0.5355091969493047,"Недостаточно признаков роли: отправителей 1, получателей 0, достижим из 7 seed. Граница обхода; исходящие неполны."
100000002748180100,distributor,0.9148414985590778,24,0.6846029609690445,Признаки распределения: 8 получателей; выход 679743 KZT; 1 отправителей.
100000002748511100,peripheral,0.0,16,0.5447958725886047,"Недостаточно признаков роли: отправителей 1, получателей 0, достижим из 7 seed. Граница обхода; исходящие неполны."
100000002748532100,coordinator,0.9105989232839837,35,0.9067519066846119,Гипотеза координации: достижим из 9 seed; внешних кластеров 2; отправителей/получателей 3/2.
100000002748581100,terminal,0.6546993049259595,40,0.5951323463436519,Гипотеза конечного получателя: вход 41180 KZT от 1; исходящих 0; глубина 3. Только в пределах выгрузки.
100000002748761100,terminal,0.7594137201571471,24,0.5455630327501122,Гипотеза конечного получателя: вход 796800 KZT от 1; исходящих 0; глубина 3. Только в пределах выгрузки.
100000002750332100,terminal,0.5914173466304019,4,0.22859129654553612,Гипотеза конечного получателя: вход 11360 KZT от 1; исходящих 0; глубина 1. Только в пределах выгрузки.
100000002750956100,terminal,0.661680265941372,0,0.6058995065051592,Гипотеза конечного получателя: вход 47416 KZT от 1; исходящих 0; глубина 1. Только в пределах выгрузки.
100000002752565100,peripheral,0.0,8,0.6235307312696277,"Недостаточно признаков роли: отправителей 1, получателей 0, достижим из 7 seed. Граница обхода; исходящие неполны."
100000002753146100,terminal,0.7595950438198852,24,0.5458322117541499,Гипотеза конечного получателя: вход 803540 KZT от 1; исходящих 0; глубина 3. Только в пределах выгрузки.
100000002755292100,terminal,0.7255968570565126,10,0.6989008524001794,Гипотеза конечного получателя: вход 203400 KZT от 1; исходящих 0; глубина 3. Только в пределах выгрузки.
100000002757240100,terminal,0.6687518887881535,2,0.6158591296545536,Гипотеза конечного получателя: вход 51183 KZT от 1; исходящих 0; глубина 2. Только в пределах выгрузки.
100000002757791100,terminal,0.6828951344817166,46,0.35685509196949305,Гипотеза конечного получателя: вход 73050 KZT от 1; исходящих 0; глубина 3. Только в пределах выгрузки.
100000002757797100,terminal,0.6985796313085524,7,0.38027366532077167,Гипотеза конечного получателя: вход 100000 KZT от 1; исходящих 0; глубина 1. Только в пределах выгрузки.
100000002760175100,terminal,0.7207917799939558,11,0.6921713772992373,Гипотеза конечного получателя: вход 187410 KZT от 1; исходящих 0; глубина 1. Только в пределах выгрузки.
100000002762076100,peripheral,0.0,1,0.5609735307312695,"Недостаточно признаков роли: отправителей 2, получателей 1, достижим из 2 seed."
100000002769809100,terminal,0.7032033847083711,43,0.6668685509196949,Гипотеза конечного получателя: вход 113422 KZT от 1; исходящих 0; глубина 3. Только в пределах выгрузки.
100000002773323100,peripheral,0.0,42,0.8072454015253476,"Недостаточно признаков роли: отправителей 2, получателей 1, достижим из 8 seed."
100000002774456100,terminal,0.6677546086430945,11,0.614647824136384,Гипотеза конечного получателя: вход 50363 KZT от 1; исходящих 0; глубина 1. Только в пределах выгрузки.
100000002778085100,terminal,0.6791779993955878,16,0.631740690892777,Гипотеза конечного получателя: вход 66208 KZT от 1; исходящих 0; глубина 1. Только в пределах выгрузки.
100000002779485100,terminal,0.6920519794499849,8,0.6503140421713773,Гипотеза конечного получателя: вход 91000 KZT от 1; исходящих 0; глубина 2. Только в пределах выгрузки.
100000002781227100,transit,0.7617730962020649,56,0.571973979362943,"Признаки транзита: вход 191168, выход 212420 KZT; выход/вход=1.11. Совпадение сумм не доказывает движение тех же денег."
100000002784085100,terminal,0.7249622242369296,4,0.41822790489008527,Гипотеза конечного получателя: вход 200000 KZT от 1; исходящих 0; глубина 1. Только в пределах выгрузки.
100000002791494100,peripheral,0.0,18,0.6464109466128308,"Недостаточно признаков роли: отправителей 1, получателей 0, достижим из 7 seed. Граница обхода; исходящие неполны."
100000002793851100,terminal,0.5911453611362949,16,0.5081875280394795,Гипотеза конечного получателя: вход 11052 KZT от 1; исходящих 0; глубина 1. Только в пределах выгрузки.
100000002793881100,consolidator,0.8674750679963736,4,0.7995737999102737,Признаки консолидации: 3 отправителей; вход 785600 KZT; 0 получателей.
100000002794197100,terminal,0.6416440012088244,1,0.2973665320771647,Гипотеза конечного получателя: вход 30100 KZT от 1; исходящих 0; глубина 1. Только в пределах выгрузки.
100000002794374100,peripheral,0.0,57,0.6656572454015253,"Недостаточно признаков роли: отправителей 1, получателей 0, достижим из 9 seed. Граница обхода; исходящие неполны."
100000002796853100,peripheral,0.0,56,0.4158052938537461,"Недостаточно признаков роли: отправителей 1, получателей 1, достижим из 1 seed."
100000002799941100,terminal,0.7560592323964944,43,0.7485643786451324,Гипотеза конечного получателя: вход 600000 KZT от 1; исходящих 0; глубина 3. Только в пределах выгрузки.
100000002807334100,terminal,0.6718343910546993,10,0.6207043517272319,Гипотеза конечного получателя: вход 54715 KZT от 1; исходящих 0; глубина 3. Только в пределах выгрузки.
100000002809568100,terminal,0.5894227863402841,0,0.5058995065051592,Гипотеза конечного получателя: вход 10000 KZT от 1; исходящих 0; глубина 1. Только в пределах выгрузки.
100000002809896100,terminal,0.6507101843457238,18,0.5901525347689547,Гипотеза конечного получателя: вход 38000 KZT от 1; исходящих 0; глубина 3. Только в пределах выгрузки.
100000002810870100,terminal,0.6450891508008462,22,0.3024809331538807,Гипотеза конечного получателя: вход 33677 KZT от 1; исходящих 0; глубина 1. Только в пределах выгрузки.
100000002812641100,peripheral,0.0,4,0.5058995065051592,"Недостаточно признаков роли: отправителей 1, получателей 1, достижим из 8 seed."
100000002815005100,terminal,0.7500755515261408,4,0.7388739344997757,Гипотеза конечного получателя: вход 476500 KZT от 1; исходящих 0; глубина 3. Только в пределах выгрузки.
100000002818726100,terminal,0.590510728316712,12,0.5071108120233289,Гипотеза конечного получателя: вход 10879 KZT от 1; исходящих 0; глубина 3. Только в пределах выгрузки.
100000002820010100,terminal,0.6414626775460864,1,0.29723194257514585,Гипотеза конечного получателя: вход 30000 KZT от 1; исходящих 0; глубина 2. Только в пределах выгрузки.
100000002821425100,terminal,0.7350256875188879,24,0.503840287124271,Гипотеза конечного получателя: вход 275000 KZT от 1; исходящих 0; глубина 3. Только в пределах выгрузки.
100000002822472100,terminal,0.8,24,0.7914759982054733,Гипотеза конечного получателя: вход 266722 KZT от 2; исходящих 0; глубина 3. Только в пределах выгрузки.
100000002824176100,terminal,0.7111816258688426,1,0.46830865859129656,Гипотеза конечного получателя: вход 144000 KZT от 1; исходящих 0; глубина 1. Только в пределах выгрузки.
100000002826669100,terminal,0.7146267754608643,0,0.683826828174069,Гипотеза конечного получателя: вход 159900 KZT от 1; исходящих 0; глубина 2. Только в пределах выгрузки.
100000002830055100,terminal,0.5974916893321245,22,0.23626289816061014,Гипотеза конечного получателя: вход 14000 KZT от 1; исходящих 0; глубина 1. Только в пределах выгрузки.
100000002831727100,peripheral,0.0,43,0.6702781516375056,"Недостаточно признаков роли: отправителей 1, получателей 1, достижим из 7 seed."
100000002832753100,peripheral,0.0,3,0.5119560340960072,"Недостаточно признаков роли: отправителей 1, получателей 0, достижим из 7 seed. Граница обхода; исходящие неполны."
100000002835874100,peripheral,0.0,4,0.6251458052938537,"Недостаточно признаков роли: отправителей 1, получателей 0, достижим из 8 seed. Граница обхода; исходящие неполны."
100000002836052100,terminal,0.6017527954064672,8,0.5220502467474204,Гипотеза конечного получателя: вход 15000 KZT от 1; исходящих 0; глубина 2. Только в пределах выгрузки.
100000002836736100,terminal,0.8,1,0.632431583669807,Гипотеза конечного получателя: вход 509000 KZT от 2; исходящих 0; глубина 1. Только в пределах выгрузки.
100000002838519100,terminal,0.6601390148080991,40,0.6036114849708389,Гипотеза конечного получателя: вход 46900 KZT от 1; исходящих 0; глубина 3. Только в пределах выгрузки.
100000002838861100,consolidator,0.9459126624357813,4,0.9028488111260655,Признаки консолидации: 5 отправителей; вход 554524 KZT; 1 получателей.
100000002842321100,terminal,0.7152614082804473,10,0.6844997756841633,Гипотеза конечного получателя: вход 160000 KZT от 1; исходящих 0; глубина 3. Только в пределах выгрузки.
100000002842337100,terminal,0.6673919613176186,1,0.33397487662628983,Гипотеза конечного получателя: вход 50000 KZT от 1; исходящих 0; глубина 2. Только в пределах выгрузки.
100000002844652100,terminal,0.6763674826231489,1,0.3479721848362495,Гипотеза конечного получателя: вход 61360 KZT от 1; исходящих 0; глубина 1. Только в пределах выгрузки.
100000002844897100,terminal,0.590329404653974,4,0.22697622252131003,Гипотеза конечного получателя: вход 10800 KZT от 1; исходящих 0; глубина 1. Только в пределах выгрузки.
100000002845605100,terminal,0.6741009368389241,0,0.624069089277703,Гипотеза конечного получателя: вход 57567 KZT от 1; исходящих 0; глубина 1. Только в пределах выгрузки.
100000002847207100,terminal,0.6594137201571472,2,0.6025347689546882,Гипотеза конечного получателя: вход 46243 KZT от 1; исходящих 0; глубина 1. Только в пределах выгрузки.
100000002849158100,consolidator,0.8664777878513147,4,0.8669807088380439,Признаки консолидации: 3 отправителей; вход 723000 KZT; 1 получателей.
100000002852402100,terminal,0.6727410093683892,3,0.6220502467474204,Гипотеза конечного получателя: вход 55000 KZT от 1; исходящих 0; глубина 2. Только в пределах выгрузки.
100000002858835100,terminal,0.6271381081897854,22,0.2766397487662629,Гипотеза конечного получателя: вход 24400 KZT от 1; исходящих 0; глубина 1. Только в пределах выгрузки.
100000002860934100,peripheral,0.0,15,0.7145132346343651,"Недостаточно признаков роли: отправителей 1, получателей 0, достижим из 7 seed. Граница обхода; исходящие неполны."
100000002861485100,terminal,0.6377455424599576,16,0.5722521310004486,Гипотеза конечного получателя: вход 29323 KZT от 1; исходящих 0; глубина 1. Только в пределах выгрузки.
100000002862113100,terminal,0.661589604110003,40,0.6057649170031404,Гипотеза конечного получателя: вход 47405 KZT от 1; исходящих 0; глубина 3. Только в пределах выгрузки.
100000002863356100,peripheral,0.0,22,0.3505742485419471,"Недостаточно признаков роли: отправителей 1, получателей 1, достижим из 1 seed."
100000002864256100,terminal,0.7080991236022968,2,0.6740017945266936,Гипотеза конечного получателя: вход 135780 KZT от 1; исходящих 0; глубина 1. Только в пределах выгрузки.
100000002864680100,terminal,0.6731943185252343,7,0.3427231942575146,Гипотеза конечного получателя: вход 55932 KZT от 1; исходящих 0; глубина 1. Только в пределах выгрузки.
100000002870463100,consolidator,0.8342021758839528,1,0.7938537460744728,Признаки консолидации: 3 отправителей; вход 207000 KZT; 1 получателей.
100000002870937100,terminal,0.6882441825324872,1,0.36479587258860474,Гипотеза конечного получателя: вход 83700 KZT от 1; исходящих 0; глубина 1. Только в пределах выгрузки.
100000002871199100,terminal,0.6231489876095497,40,0.5515253476895469,Гипотеза конечного получателя: вход 23186 KZT от 1; исходящих 0; глубина 3. Только в пределах выгрузки.
100000002872399100,terminal,0.761952251435479,1,0.48148497083894126,Гипотеза конечного получателя: вход 1090000 KZT от 1; исходящих 0; глубина 3. Только в пределах выгрузки.
100000002876914100,peripheral,0.0,18,0.23034096007178106,"Недостаточно признаков роли: отправителей 1, получателей 0, достижим из 1 seed. Граница обхода; исходящие неполны."
100000002877262100,terminal,0.6985796313085524,42,0.6602736653207717,Гипотеза конечного получателя: вход 100000 KZT от 1; исходящих 0; глубина 3. Только в пределах выгрузки.
100000002878467100,terminal,0.7916288909035962,42,0.7277478689995514,Гипотеза конечного получателя: вход 200000 KZT от 2; исходящих 0; глубина 3. Только в пределах выгрузки.
100000002878483100,peripheral,0.0,18,0.20813369223867206,"Недостаточно признаков роли: отправителей 1, получателей 0, достижим из 1 seed. Граница обхода; исходящие неполны."
100000002881669100,terminal,0.6117255968570565,7,0.25604755495738,Гипотеза конечного получателя: вход 18600 KZT от 1; исходящих 0; глубина 1. Только в пределах выгрузки.
100000002883402100,consolidator,0.846985494106981,4,0.8649842978914312,Признаки консолидации: 3 отправителей; вход 300000 KZT; 0 получателей.
100000002884708100,peripheral,0.0,42,0.7628308658591296,"Недостаточно признаков роли: отправителей 1, получателей 0, достижим из 8 seed. Граница обхода; исходящие неполны."
100000002886166100,terminal,0.72042913266848,34,0.4117676087931808,Гипотеза конечного получателя: вход 185000 KZT от 1; исходящих 0; глубина 3. Только в пределах выгрузки.
100000002890167100,terminal,0.703928679359323,16,0.6678106774338268,Гипотеза конечного получателя: вход 118150 KZT от 1; исходящих 0; глубина 1. Только в пределах выгрузки.
100000002891765100,terminal,0.6730129948624962,40,0.6224540152534769,Гипотеза конечного получателя: вход 55576 KZT от 1; исходящих 0; глубина 3. Только в пределах выгрузки.
100000002893020100,terminal,0.6115442731943185,18,0.5357783759533423,Гипотеза конечного получателя: вход 18340 KZT от 1; исходящих 0; глубина 3. Только в пределах выгрузки.
100000002894076100,consolidator,0.912496222423693,1,0.9644235082996859,Признаки консолидации: 4 отправителей; вход 1122782 KZT; 0 получателей.
100000002896506100,peripheral,0.0,10,0.6010542844324809,"Недостаточно признаков роли: отправителей 1, получателей 0, достижим из 7 seed. Граница обхода; исходящие неполны."
100000002901457100,peripheral,0.0,0,0.8268730372364288,"Недостаточно признаков роли: отправителей 1, получателей 3, достижим из 7 seed."
100000002904919100,peripheral,0.0,0,0.6569537909376402,"Недостаточно признаков роли: отправителей 1, получателей 1, достижим из 7 seed."
100000002906470100,terminal,0.7070111816258688,43,0.6723867205024675,Гипотеза конечного получателя: вход 130000 KZT от 1; исходящих 0; глубина 3. Только в пределах выгрузки.
100000002908521100,terminal,0.6570565125415533,22,0.31863167339614173,Гипотеза конечного получателя: вход 44500 KZT от 1; исходящих 0; глубина 3. Только в пределах выгрузки.
100000002911170100,terminal,0.7386521607736476,33,0.7205697622252131,Гипотеза конечного получателя: вход 300000 KZT от 1; исходящих 0; глубина 2. Только в пределах выгрузки.
100000002913340100,terminal,0.6245089150800847,22,0.2730058322117542,Гипотеза конечного получателя: вход 23600 KZT от 1; исходящих 0; глубина 3. Только в пределах выгрузки.
100000002914245100,terminal,0.7100936838924146,8,0.39669358456707043,Гипотеза конечного получателя: вход 140611 KZT от 1; исходящих 0; глубина 3. Только в пределах выгрузки.
100000002916006100,peripheral,0.0,47,0.23113503813369224,"Недостаточно признаков роли: отправителей 0, получателей 1, достижим из 0 seed. Seed: входящие неполны."
100000002921047100,peripheral,0.0,1,0.818483624943921,"Недостаточно признаков роли: отправителей 2, получателей 1, достижим из 9 seed."
100000002922000100,peripheral,0.0,49,0.7361821444593988,"Недостаточно признаков роли: отправителей 1, получателей 0, достижим из 7 seed. Граница обхода; исходящие неполны."
100000002926970100,terminal,0.6890601390148081,18,0.6460071781067743,Гипотеза конечного получателя: вход 85000 KZT от 1; исходящих 0; глубина 3. Только в пределах выгрузки.
100000002933386100,peripheral,0.0,2,0.6541274113952444,"Недостаточно признаков роли: отправителей 1, получателей 1, достижим из 7 seed."
100000002934441100,terminal,0.7428528256270777,0,0.6572229699416778,Гипотеза конечного получателя: вход 60846 KZT от 2; исходящих 0; глубина 1. Только в пределах выгрузки.
100000002936322100,terminal,0.8,8,0.7848138178555406,Гипотеза конечного получателя: вход 787133 KZT от 2; исходящих 0; глубина 3. Только в пределах выгрузки.
100000002938501100,peripheral,0.0,16,0.5234410049349484,"Недостаточно признаков роли: отправителей 1, получателей 1, достижим из 7 seed."
100000002939838100,consolidator,0.8633046237533999,16,0.8412292507851054,Признаки консолидации: 3 отправителей; вход 571233 KZT; 0 получателей.
100000002941114100,peripheral,0.0,11,0.7009645580978017,"Недостаточно признаков роли: отправителей 2, получателей 1, достижим из 8 seed."
100000002943472100,terminal,0.7177092777274101,42,0.6888066397487662,Гипотеза конечного получателя: вход 170000 KZT от 1; исходящих 0; глубина 3. Только в пределах выгрузки.
100000002945031100,terminal,0.6017527954064672,12,0.5220502467474204,Гипотеза конечного получателя: вход 15000 KZT от 1; исходящих 0; глубина 3. Только в пределах выгрузки.
100000002945626100,consolidator,0.8635766092475069,4,0.841633019291162,Признаки консолидации: 3 отправителей; вход 584000 KZT; 0 получателей.
100000002947299100,terminal,0.6890601390148081,2,0.6460071781067743,Гипотеза конечного получателя: вход 85000 KZT от 1; исходящих 0; глубина 2. Только в пределах выгрузки.
100000002948492100,terminal,0.6246902387428226,40,0.5532750112157918,Гипотеза конечного получателя: вход 23660 KZT от 1; исходящих 0; глубина 3. Только в пределах выгрузки.
100000002951898100,terminal,0.6521607736476277,40,0.5917676087931808,Гипотеза конечного получателя: вход 39990 KZT от 1; исходящих 0; глубина 3. Только в пределах выгрузки.
100000002952631100,terminal,0.661952251435479,16,0.6061686855091969,Гипотеза конечного получателя: вход 48050 KZT от 1; исходящих 0; глубина 1. Только в пределах выгрузки.
100000002952756100,terminal,0.660682985796313,18,0.32455361148497086,Гипотеза конечного получателя: вход 47000 KZT от 1; исходящих 0; глубина 3. Только в пределах выгрузки.
100000002954780100,terminal,0.7075551526140829,4,0.6730596680125617,Гипотеза конечного получателя: вход 133400 KZT от 1; исходящих 0; глубина 3. Только в пределах выгрузки.
100000002956769100,consolidator,0.8684723481414325,24,0.8511888739344997,Признаки консолидации: 3 отправителей; вход 840000 KZT; 0 получателей.
100000002956779100,terminal,0.7464490782713811,2,0.45281740690892774,Гипотеза конечного получателя: вход 411000 KZT от 1; исходящих 0; глубина 3. Только в пределах выгрузки.
100000002956898100,terminal,0.8,3,0.7967249887842082,Гипотеза конечного получателя: вход 290240 KZT от 2; исходящих 0; глубина 2. Только в пределах выгрузки.
100000002957306100,terminal,0.8,11,0.8111260655002244,Гипотеза конечного получателя: вход 398490 KZT от 2; исходящих 0; глубина 1. Только в пределах выгрузки.
100000002957787100,coordinator,0.992664872139973,0,0.984163301929116,Гипотеза координации: достижим из 7 seed; внешних кластеров 8; отправителей/получателей 4/34.
100000002958139100,terminal,0.7260501662133575,4,0.6995737999102737,Гипотеза конечного получателя: вход 209500 KZT от 1; исходящих 0; глубина 3. Только в пределах выгрузки.
100000002958286100,terminal,0.733121789060139,4,0.4300717810677434,Гипотеза конечного получателя: вход 257000 KZT от 1; исходящих 0; глубина 1. Только в пределах выгрузки.
100000002958343100,peripheral,0.0,1,0.5240601166442351,"Недостаточно признаков роли: отправителей 1, получателей 2, достижим из 1 seed."
100000002958345100,terminal,0.7392867935932306,24,0.511511888739345,Гипотеза конечного получателя: вход 307000 KZT от 1; исходящих 0; глубина 3. Только в пределах выгрузки.
100000002963189100,distributor,0.9226945244956773,40,0.8890533871691341,Признаки распределения: 7 получателей; выход 5219000 KZT; 1 отправителей.
100000002964966100,terminal,0.7249622242369296,2,0.6982279048900852,Гипотеза конечного получателя: вход 200000 KZT от 1; исходящих 0; глубина 2. Только в пределах выгрузки.
100000002968096100,peripheral,0.0,8,0.6349708389412292,"Недостаточно признаков роли: отправителей 1, получателей 0, достижим из 7 seed. Граница обхода; исходящие неполны."
100000002969048100,terminal,0.7010275007555152,1,0.38363840287124273,Гипотеза конечного получателя: вход 108470 KZT от 1; исходящих 0; глубина 2. Только в пределах выгрузки.
100000002970466100,peripheral,0.0,0,0.6959398833557648,"Недостаточно признаков роли: отправителей 1, получателей 2, достижим из 7 seed."
100000002971593100,peripheral,0.0,10,0.6083221175414985,"Недостаточно признаков роли: отправителей 1, получателей 0, достижим из 7 seed. Граница обхода; исходящие неполны."
100000002973903100,consolidator,0.8011106074342702,7,0.7956707043517273,Признаки консолидации: 3 отправителей; вход 92880 KZT; 0 получателей.
100000002974256100,terminal,0.5780900574191599,7,0.21163301929116196,Гипотеза конечного получателя: вход 7200 KZT от 1; исходящих 0; глубина 2. Только в пределах выгрузки.
100000002975287100,terminal,0.6017527954064672,28,0.5220502467474204,Гипотеза конечного получателя: вход 15000 KZT от 1; исходящих 0; глубина 3. Только в пределах выгрузки.
100000002975437100,peripheral,0.0,36,0.7446612830865859,"Недостаточно признаков роли: отправителей 1, получателей 1, достижим из 7 seed."
100000002981489100,peripheral,0.0,10,0.5058995065051592,"Недостаточно признаков роли: отправителей 1, получателей 0, достижим из 7 seed. Граница обхода; исходящие неполны."
100000002981527100,terminal,0.7170746449078271,4,0.4077299237326155,Гипотеза конечного получателя: вход 168000 KZT от 1; исходящих 0; глубина 1. Только в пределах выгрузки.
100000002982252100,terminal,0.618797219703838,22,0.265468820098699,Гипотеза конечного получателя: вход 20320 KZT от 1; исходящих 0; глубина 1. Только в пределах выгрузки.
100000002983426100,terminal,0.690329404653974,18,0.6477568416330193,Гипотеза конечного получателя: вход 88945 KZT от 1; исходящих 0; глубина 3. Только в пределах выгрузки.
100000002983879100,terminal,0.7917195527349652,2,0.7778824585015702,Гипотеза конечного получателя: вход 200050 KZT от 2; исходящих 0; глубина 2. Только в пределах выгрузки.
100000002984403100,peripheral,0.0,13,0.591274113952445,"Недостаточно признаков роли: отправителей 1, получателей 1, достижим из 7 seed."
100000002986245100,peripheral,0.0,18,0.20678779721848364,"Недостаточно признаков роли: отправителей 1, получателей 0, достижим из 1 seed. Граница обхода; исходящие неполны."
100000002988894100,peripheral,0.0,2,0.7732391206819201,"Недостаточно признаков роли: отправителей 1, получателей 3, достижим из 10 seed."
100000002989353100,peripheral,0.0,24,0.5767877972184836,"Недостаточно признаков роли: отправителей 1, получателей 2, достижим из 2 seed."
100000002990675100,terminal,0.6686612269567845,10,0.6157245401525347,Гипотеза конечного получателя: вход 51143 KZT от 1; исходящих 0; глубина 3. Только в пределах выгрузки.
100000002991079100,peripheral,0.0,16,0.7236653207716464,"Недостаточно признаков роли: отправителей 2, получателей 1, достижим из 7 seed."
100000002992171100,terminal,0.5983983076458145,22,0.23760879318079858,Гипотеза конечного получателя: вход 14627 KZT от 1; исходящих 0; глубина 1. Только в пределах выгрузки.
100000002994441100,peripheral,0.0,8,0.4835576491700314,"Недостаточно признаков роли: отправителей 1, получателей 0, достижим из 7 seed. Граница обхода; исходящие неполны."
100000002999140100,peripheral,0.0,7,0.5058995065051592,"Недостаточно признаков роли: отправителей 1, получателей 0, достижим из 7 seed. Граница обхода; исходящие неполны."
100000003001138100,peripheral,0.0,15,0.5772319425751458,"Недостаточно признаков роли: отправителей 1, получателей 0, достижим из 7 seed. Граница обхода; исходящие неполны."
100000003001564100,peripheral,0.0,16,0.7198070883804396,"Недостаточно признаков роли: отправителей 1, получателей 1, достижим из 7 seed."
100000003001661100,distributor,0.8291786743515851,15,0.7922162404665769,Признаки распределения: 5 получателей; выход 439500 KZT; 1 отправителей.
100000003003821100,terminal,0.6535207011181625,2,0.5935172723194257,Гипотеза конечного получателя: вход 40000 KZT от 1; исходящих 0; глубина 2. Только в пределах выгрузки.
100000003004487100,consolidator,0.870157147174373,36,0.818259309107223,Признаки консолидации: 4 отправителей; вход 183703 KZT; 2 получателей.
100000003005167100,peripheral,0.0,18,0.2113638402871243,"Недостаточно признаков роли: отправителей 1, получателей 0, достижим из 1 seed. Граница обхода; исходящие неполны."
100000003006633100,terminal,0.5894227863402841,38,0.5058995065051592,Гипотеза конечного получателя: вход 10000 KZT от 1; исходящих 0; глубина 3. Только в пределах выгрузки.
100000003009900100,terminal,0.603928679359323,18,0.5252803947958726,Гипотеза конечного получателя: вход 15998 KZT от 1; исходящих 0; глубина 3. Только в пределах выгрузки.
100000003010908100,peripheral,0.0,18,0.5289143113503814,"Недостаточно признаков роли: отправителей 1, получателей 0, достижим из 7 seed. Граница обхода; исходящие неполны."
100000003014659100,terminal,0.7358416440012088,11,0.7150515926424406,Гипотеза конечного получателя: вход 280000 KZT от 1; исходящих 0; глубина 1. Только в пределах выгрузки.
100000003016438100,peripheral,0.0,42,0.7500897263346792,"Недостаточно признаков роли: отправителей 1, получателей 1, достижим из 8 seed."
100000003016635100,coordinator,0.849885598923284,16,0.9992821893225661,Гипотеза координации: достижим из 6 seed; внешних кластеров 12; отправителей/получателей 8/73. Seed: входящие неполны.
100000003016773100,terminal,0.6600483529767301,42,0.6034768954688201,Гипотеза конечного получателя: вход 46555 KZT от 1; исходящих 0; глубина 2. Только в пределах выгрузки.
100000003022835100,terminal,0.705832577818072,2,0.6709062359802602,Гипотеза конечного получателя: вход 125000 KZT от 1; исходящих 0; глубина 1. Только в пределах выгрузки.
100000003024542100,terminal,0.5805379268661227,2,0.4943248093315388,Гипотеза конечного получателя: вход 8500 KZT от 1; исходящих 0; глубина 2. Только в пределах выгрузки.
100000003025903100,peripheral,0.0,10,0.7303947958725885,"Недостаточно признаков роли: отправителей 1, получателей 0, достижим из 7 seed. Граница обхода; исходящие неполны."
100000003031003100,consolidator,0.8442656391659112,24,0.8596007178106775,Признаки консолидации: 3 отправителей; вход 280090 KZT; 0 получателей.
100000003031633100,terminal,0.746630401934119,4,0.7329519964109465,Гипотеза конечного получателя: вход 414000 KZT от 1; исходящих 0; глубина 3. Только в пределах выгрузки.
100000003031761100,terminal,0.7496222423692959,8,0.4582009869896815,Гипотеза конечного получателя: вход 460408 KZT от 1; исходящих 0; глубина 3. Только в пределах выгрузки.
100000003031890100,terminal,0.7268661226956784,34,0.42065051592642444,Гипотеза конечного получателя: вход 215000 KZT от 1; исходящих 0; глубина 2. Только в пределах выгрузки.
100000003034546100,terminal,0.7508008461770928,4,0.4602198295199641,Гипотеза конечного получателя: вход 486715 KZT от 1; исходящих 0; глубина 2. Только в пределах выгрузки.
100000003035737100,peripheral,0.0,10,0.8505159264244055,"Недостаточно признаков роли: отправителей 2, получателей 1, достижим из 7 seed."
100000003036198100,terminal,0.6017527954064672,2,0.5220502467474204,Гипотеза конечного получателя: вход 15000 KZT от 1; исходящих 0; глубина 2. Только в пределах выгрузки.
100000003037476100,consolidator,0.6901359927470536,4,0.84069089277703,Признаки консолидации: 3 отправителей; вход 555000 KZT; 0 получателей. Граница обхода; исходящие неполны.
100000003037660100,terminal,0.6703838017527954,2,0.6181471511888739,Гипотеза конечного получателя: вход 53000 KZT от 1; исходящих 0; глубина 1. Только в пределах выгрузки.
100000003039473100,terminal,0.6228770021154427,16,0.5511215791834904,Гипотеза конечного получателя: вход 23000 KZT от 1; исходящих 0; глубина 2. Только в пределах выгрузки.
100000003040087100,peripheral,0.0,18,0.5719829519964109,"Недостаточно признаков роли: отправителей 1, получателей 0, достижим из 7 seed. Граница обхода; исходящие неполны."
100000003042994100,terminal,0.7366576004835298,16,0.7162628981606101,Гипотеза конечного получателя: вход 286086 KZT от 1; исходящих 0; глубина 1. Только в пределах выгрузки.
100000003044431100,terminal,0.7424901783016017,2,0.7066846119336025,Гипотеза конечного получателя: вход 60000 KZT от 2; исходящих 0; глубина 2. Только в пределах выгрузки.
100000003044518100,terminal,0.6460864309459051,1,0.3038268281740691,Гипотеза конечного получателя: вход 34423 KZT от 1; исходящих 0; глубина 1. Только в пределах выгрузки.
100000003047800100,peripheral,0.0,24,0.23061013907581876,"Недостаточно признаков роли: отправителей 1, получателей 0, достижим из 1 seed. Граница обхода; исходящие неполны."
100000003050771100,terminal,0.7284980356603203,12,0.702669358456707,Гипотеза конечного получателя: вход 229000 KZT от 1; исходящих 0; глубина 3. Только в пределах выгрузки.
100000003054328100,peripheral,0.0,24,0.45887393449977565,"Недостаточно признаков роли: отправителей 1, получателей 2, достижим из 1 seed."
100000003057225100,terminal,0.7300392867935932,16,0.7049573799910274,Гипотеза конечного получателя: вход 236000 KZT от 1; исходящих 0; глубина 1. Только в пределах выгрузки.
100000003060187100,terminal,0.6929585977636749,43,0.6517945266935845,Гипотеза конечного получателя: вход 93046 KZT от 1; исходящих 0; глубина 3. Только в пределах выгрузки.
100000003060517100,terminal,0.7393774554245995,28,0.7219156572454015,Гипотеза конечного получателя: вход 315955 KZT от 1; исходящих 0; глубина 3. Только в пределах выгрузки.
100000003061115100,peripheral,0.0,0,0.6010542844324809,"Недостаточно признаков роли: отправителей 1, получателей 0, достижим из 7 seed. Граница обхода; исходящие неполны."
100000003062895100,terminal,0.8,42,0.8023777478689995,Гипотеза конечного получателя: вход 328444 KZT от 2; исходящих 0; глубина 2. Только в пределах выгрузки.
100000003066385100,terminal,0.6850105772136597,0,0.5743158366980708,Гипотеза конечного получателя: вход 20000 KZT от 2; исходящих 0; глубина 1. Только в пределах выгрузки.
100000003068941100,consolidator,0.8016545784224842,0,0.8041947061462538,Признаки консолидации: 3 отправителей; вход 94000 KZT; 1 получателей.
100000003069463100,peripheral,0.0,14,0.5627411395244504,"Недостаточно признаков роли: отправителей 1, получателей 1, достижим из 7 seed."
100000003071649100,terminal,0.7212450891508009,4,0.6928443248093314,Гипотеза конечного получателя: вход 189500 KZT от 1; исходящих 0; глубина 3. Только в пределах выгрузки.
100000003071930100,consolidator,0.8584995466908432,4,0.841274113952445,Признаки консолидации: 3 отправителей; вход 477610 KZT; 1 получателей.
100000003072205100,peripheral,0.0,4,0.7142889187976671,"Недостаточно признаков роли: отправителей 2, получателей 0, достижим из 8 seed. Граница обхода; исходящие неполны."
100000003072676100,terminal,0.6432759141734663,28,0.5797891431135038,Гипотеза конечного получателя: вход 31545 KZT от 1; исходящих 0; глубина 3. Только в пределах выгрузки.
100000003073398100,terminal,0.6928679359323058,1,0.37139075818752804,Гипотеза конечного получателя: вход 92960 KZT от 1; исходящих 0; глубина 2. Только в пределах выгрузки.
100000003073635100,terminal,0.7065578724690239,8,0.6715791834903544,Гипотеза конечного получателя: вход 129231 KZT от 1; исходящих 0; глубина 3. Только в пределах выгрузки.
100000003074515100,peripheral,0.0,4,0.6624270973530731,"Недостаточно признаков роли: отправителей 1, получателей 0, достижим из 8 seed. Граница обхода; исходящие неполны."
100000003078839100,peripheral,0.0,8,0.5162628981606101,"Недостаточно признаков роли: отправителей 1, получателей 0, достижим из 7 seed. Граница обхода; исходящие неполны."
100000003083865100,peripheral,0.0,18,0.5220502467474204,"Недостаточно признаков роли: отправителей 1, получателей 0, достижим из 7 seed. Граница обхода; исходящие неполны."
100000003084870100,peripheral,0.0,24,0.27934499775684163,"Недостаточно признаков роли: отправителей 1, получателей 0, достижим из 2 seed. Граница обхода; исходящие неполны."
100000003086040100,terminal,0.590057419159867,0,0.5065724540152534,Гипотеза конечного получателя: вход 10500 KZT от 1; исходящих 0; глубина 2. Только в пределах выгрузки.
100000003087877100,terminal,0.6923239649440919,8,0.370583221175415,Гипотеза конечного получателя: вход 91486 KZT от 1; исходящих 0; глубина 3. Только в пределах выгрузки.
100000003089018100,terminal,0.7288606829857963,4,0.42307312696276356,Гипотеза конечного получателя: вход 230000 KZT от 1; исходящих 0; глубина 2. Только в пределах выгрузки.
100000003089553100,terminal,0.7129948624962225,42,0.6810004486316734,Гипотеза конечного получателя: вход 150000 KZT от 1; исходящих 0; глубина 3. Только в пределах выгрузки.
100000003091142100,peripheral,0.0,0,0.5935172723194257,"Недостаточно признаков роли: отправителей 1, получателей 0, достижим из 7 seed. Граница обхода; исходящие неполны."
100000003093299100,terminal,0.6017527954064672,0,0.5220502467474204,Гипотеза конечного получателя: вход 15000 KZT от 1; исходящих 0; глубина 3. Только в пределах выгрузки.
100000003095610100,terminal,0.6247809005741916,18,0.5534096007178106,Гипотеза конечного получателя: вход 23665 KZT от 1; исходящих 0; глубина 3. Только в пределах выгрузки.
100000003096787100,peripheral,0.0,18,0.5270300583221175,"Недостаточно признаков роли: отправителей 1, получателей 0, достижим из 7 seed. Граница обхода; исходящие неполны."
100000003097324100,terminal,0.8,35,0.7969941677882458,Гипотеза конечного получателя: вход 294000 KZT от 2; исходящих 0; глубина 3. Только в пределах выгрузки.
100000003097947100,peripheral,0.0,8,0.6176087931807985,"Недостаточно признаков роли: отправителей 1, получателей 0, достижим из 7 seed. Граница обхода; исходящие неполны."
100000003102157100,terminal,0.6945905107283167,0,0.6540825482279049,Гипотеза конечного получателя: вход 96746 KZT от 1; исходящих 0; глубина 1. Только в пределах выгрузки.
100000003104347100,peripheral,0.0,29,0.7627411395244503,"Недостаточно признаков роли: отправителей 1, получателей 1, достижим из 7 seed."
100000003105089100,peripheral,0.0,32,0.5058995065051592,"Недостаточно признаков роли: отправителей 1, получателей 0, достижим из 7 seed. Граница обхода; исходящие неполны."
100000003105929100,peripheral,0.0,10,0.7639524450426199,"Недостаточно признаков роли: отправителей 1, получателей 1, достижим из 7 seed."
100000003109805100,terminal,0.6492595950438199,28,0.5882682817406909,Гипотеза конечного получателя: вход 36929 KZT от 1; исходящих 0; глубина 3. Только в пределах выгрузки.
100000003111305100,consolidator,0.9026140828044726,46,0.9451772095109914,Признаки консолидации: 4 отправителей; вход 509338 KZT; 0 получателей.
100000003112436100,terminal,0.6985796313085524,16,0.6602736653207717,Гипотеза конечного получателя: вход 100000 KZT от 1; исходящих 0; глубина 2. Только в пределах выгрузки.
100000003112578100,terminal,0.6990329404653974,24,0.450812023328847,Гипотеза конечного получателя: вход 101080 KZT от 1; исходящих 0; глубина 3. Только в пределах выгрузки.
100000003115284100,coordinator,0.9965006729475101,11,0.9857335127860027,Гипотеза координации: достижим из 11 seed; внешних кластеров 4; отправителей/получателей 8/2.
100000003116106100,terminal,0.7511634935025687,10,0.7407581875280395,Гипотеза конечного получателя: вход 494050 KZT от 1; исходящих 0; глубина 3. Только в пределах выгрузки.
100000003119550100,terminal,0.6200664853430039,22,0.26721848362494394,Гипотеза конечного получателя: вход 21000 KZT от 1; исходящих 0; глубина 1. Только в пределах выгрузки.
100000003122817100,terminal,0.7482623148987609,14,0.7359129654553611,Гипотеза конечного получателя: вход 444680 KZT от 1; исходящих 0; глубина 3. Только в пределах выгрузки.
100000003123296100,terminal,0.6894227863402841,7,0.36654553611484975,Гипотеза конечного получателя: вход 86200 KZT от 1; исходящих 0; глубина 1. Только в пределах выгрузки.
100000003125997100,peripheral,0.0,42,0.6473530731269628,"Недостаточно признаков роли: отправителей 1, получателей 0, достижим из 8 seed. Граница обхода; исходящие неполны."
100000003128638100,peripheral,0.0,4,0.7205697622252131,"Недостаточно признаков роли: отправителей 1, получателей 0, достижим из 8 seed. Граница обхода; исходящие неполны."
100000003131016100,peripheral,0.0,8,0.73254822790489,"Недостаточно признаков роли: отправителей 1, получателей 1, достижим из 7 seed."
100000003131693100,terminal,0.7423692958597764,2,0.7267608793180798,Гипотеза конечного получателя: вход 353277 KZT от 1; исходящих 0; глубина 1. Только в пределах выгрузки.
100000003132484100,terminal,0.6915986702931399,4,0.369775684163302,Гипотеза конечного получателя: вход 90000 KZT от 1; исходящих 0; глубина 3. Только в пределах выгрузки.
100000003133045100,peripheral,0.0,48,0.6325482279048901,"Недостаточно признаков роли: отправителей 1, получателей 0, достижим из 7 seed. Граница обхода; исходящие неполны."
100000003134474100,terminal,0.7034753702024781,10,0.6672723194257515,Гипотеза конечного получателя: вход 116000 KZT от 1; исходящих 0; глубина 3. Только в пределах выгрузки.
100000003134550100,peripheral,0.0,42,0.6602736653207717,"Недостаточно признаков роли: отправителей 1, получателей 0, достижим из 8 seed. Граница обхода; исходящие неполны."
100000003134934100,consolidator,0.8940012088244182,0,0.9314490803050695,Признаки консолидации: 4 отправителей; вход 379354 KZT; 0 получателей.
100000003134937100,terminal,0.5897854336657601,16,0.5063032750112157,Гипотеза конечного получателя: вход 10286 KZT от 1; исходящих 0; глубина 1. Только в пределах выгрузки.
100000003146511100,peripheral,0.0,12,0.5058995065051592,"Недостаточно признаков роли: отправителей 1, получателей 0, достижим из 7 seed. Граница обхода; исходящие неполны."
100000003147719100,terminal,0.6985796313085524,4,0.6602736653207717,Гипотеза конечного получателя: вход 100000 KZT от 1; исходящих 0; глубина 3. Только в пределах выгрузки.
100000003148220100,peripheral,0.0,50,0.34680574248541945,"Недостаточно признаков роли: отправителей 1, получателей 2, достижим из 1 seed."
100000003149149100,terminal,0.7314898760954971,10,0.7075145805293853,Гипотеза конечного получателя: вход 245000 KZT от 1; исходящих 0; глубина 3. Только в пределах выгрузки.
100000003152964100,peripheral,0.0,8,0.7070210856886496,"Недостаточно признаков роли: отправителей 1, получателей 1, достижим из 7 seed."
100000003154105100,distributor,0.8693804034582133,32,0.7872364288918797,Признаки распределения: 7 получателей; выход 338000 KZT; 1 отправителей.
100000003157333100,terminal,0.6414626775460864,1,0.29723194257514585,Гипотеза конечного получателя: вход 30000 KZT от 1; исходящих 0; глубина 2. Только в пределах выгрузки.
100000003157679100,consolidator,0.9037926866122696,4,0.847196052041274,Признаки консолидации: 4 отправителей; вход 541000 KZT; 0 получателей.
100000003158727100,consolidator,0.8517905711695377,1,0.8226558995065052,Признаки консолидации: 3 отправителей; вход 367940 KZT; 0 получателей.
100000003159641100,consolidator,0.8276367482623149,3,0.9018393898609242,Признаки консолидации: 4 отправителей; вход 64000 KZT; 1 получателей.
100000003163256100,transit,0.6608538549430868,16,0.5515702108568865,"Признаки транзита: вход 13485, выход 15000 KZT; выход/вход=1.11. Совпадение сумм не доказывает движение тех же денег."
100000003163886100,terminal,0.7523420973103656,31,0.7423732615522656,Гипотеза конечного получателя: вход 500000 KZT от 1; исходящих 0; глубина 3. Только в пределах выгрузки.
100000003164661100,terminal,0.7556965850710184,27,0.46789143113503817,Гипотеза конечного получателя: вход 596200 KZT от 1; исходящих 0; глубина 3. Только в пределах выгрузки.
100000003166017100,peripheral,0.0,18,0.5220502467474204,"Недостаточно признаков роли: отправителей 1, получателей 0, достижим из 7 seed. Граница обхода; исходящие неполны."
100000003166755100,terminal,0.6265941372015714,2,0.5559668012561687,Гипотеза конечного получателя: вход 24010 KZT от 1; исходящих 0; глубина 2. Только в пределах выгрузки.
100000003171006100,terminal,0.8,4,0.7696052041274113,Гипотеза конечного получателя: вход 485000 KZT от 2; исходящих 0; глубина 3. Только в пределах выгрузки.
100000003171587100,peripheral,0.0,10,0.854060116644235,"Недостаточно признаков роли: отправителей 2, получателей 2, достижим из 7 seed."
100000003173783100,peripheral,0.0,33,0.5524674742036788,"Недостаточно признаков роли: отправителей 1, получателей 0, достижим из 7 seed. Граница обхода; исходящие неполны."
100000003177533100,peripheral,0.0,8,0.5447958725886047,"Недостаточно признаков роли: отправителей 1, получателей 0, достижим из 7 seed. Граница обхода; исходящие неполны."
100000003178549100,coordinator,0.9277759084791386,28,0.9188873934499775,Гипотеза координации: достижим из 7 seed; внешних кластеров 3; отправителей/получателей 2/4.
100000003180305100,peripheral,0.0,0,0.6783086585912965,"Недостаточно признаков роли: отправителей 1, получателей 0, достижим из 7 seed. Граница обхода; исходящие неполны."
100000003180820100,peripheral,0.0,4,0.6606774338268282,"Недостаточно признаков роли: отправителей 1, получателей 0, достижим из 8 seed. Граница обхода; исходящие неполны."
100000003186579100,peripheral,0.0,8,0.6651188873934499,"Недостаточно признаков роли: отправителей 1, получателей 0, достижим из 7 seed. Граница обхода; исходящие неполны."
100000003187359100,terminal,0.6126322151707464,22,0.2572588604755496,Гипотеза конечного получателя: вход 19072 KZT от 1; исходящих 0; глубина 1. Только в пределах выгрузки.
100000003188607100,peripheral,0.0,1,0.28502916105877074,"Недостаточно признаков роли: отправителей 1, получателей 1, достижим из 1 seed."
100000003190207100,peripheral,0.0,47,0.7587034544638851,"Недостаточно признаков роли: отправителей 1, получателей 1, достижим из 8 seed."
100000003191430100,terminal,0.719250528860683,16,0.6902871242709735,Гипотеза конечного получателя: вход 180000 KZT от 1; исходящих 0; глубина 2. Только в пределах выгрузки.
100000003192220100,terminal,0.675823511634935,5,0.6271646478241364,Гипотеза конечного получателя: вход 60000 KZT от 1; исходящих 0; глубина 2. Только в пределах выгрузки.
100000003192309100,peripheral,0.0,22,0.44963212202781516,"Недостаточно признаков роли: отправителей 1, получателей 1, достижим из 1 seed."
100000003194831100,peripheral,0.0,18,0.20894122925078512,"Недостаточно признаков роли: отправителей 1, получателей 0, достижим из 1 seed. Граница обхода; исходящие неполны."
100000003199390100,peripheral,0.0,10,0.7104755495737999,"Недостаточно признаков роли: отправителей 1, получателей 0, достижим из 7 seed. Граница обхода; исходящие неполны."
100000003200071100,peripheral,0.0,58,0.2272319425751458,"Недостаточно признаков роли: отправителей 0, получателей 1, достижим из 0 seed. Seed: входящие неполны."
100000003204491100,peripheral,0.0,0,0.7059443696724989,"Недостаточно признаков роли: отправителей 1, получателей 1, достижим из 7 seed."
100000003205210100,terminal,0.7085524327591417,2,0.6746747420367878,Гипотеза конечного получателя: вход 137563 KZT от 1; исходящих 0; глубина 1. Только в пределах выгрузки.
100000003207060100,peripheral,0.0,0,0.6181471511888739,"Недостаточно признаков роли: отправителей 1, получателей 0, достижим из 7 seed. Граница обхода; исходящие неполны."
100000003213473100,distributor,0.9317002881844381,0,0.8720278151637504,Признаки распределения: 11 получателей; выход 240000 KZT; 1 отправителей.
100000003214786100,peripheral,0.0,0,0.4835576491700314,"Недостаточно признаков роли: отправителей 1, получателей 0, достижим из 7 seed. Граница обхода; исходящие неполны."
100000003215448100,peripheral,0.0,8,0.7143786451323463,"Недостаточно признаков роли: отправителей 1, получателей 2, достижим из 7 seed."
100000003216073100,peripheral,0.0,8,0.3844908030506954,"Недостаточно признаков роли: отправителей 1, получателей 1, достижим из 1 seed."
100000003218308100,terminal,0.5913266847990329,0,0.5084567070435173,Гипотеза конечного получателя: вход 11165 KZT от 1; исходящих 0; глубина 3. Только в пределах выгрузки.
100000003219438100,terminal,0.6440918706557872,59,0.5811350381336922,Гипотеза конечного получателя: вход 32000 KZT от 1; исходящих 0; глубина 2. Только в пределах выгрузки.
100000003220685100,peripheral,0.0,10,0.7645805293853746,"Недостаточно признаков роли: отправителей 1, получателей 0, достижим из 7 seed. Граница обхода; исходящие неполны."
100000003221384100,terminal,0.7529767301299486,3,0.7434499775684162,Гипотеза конечного получателя: вход 511200 KZT от 1; исходящих 0; глубина 2. Только в пределах выгрузки.
100000003221510100,peripheral,0.0,0,0.7137056976222521,"Недостаточно признаков роли: отправителей 1, получателей 2, достижим из 7 seed."
100000003230328100,peripheral,0.0,0,0.711283086585913,"Недостаточно признаков роли: отправителей 3, получателей 0, достижим из 7 seed. Граница обхода; исходящие неполны."
100000003230329100,peripheral,0.0,4,0.6651188873934499,"Недостаточно признаков роли: отправителей 1, получателей 0, достижим из 8 seed. Граница обхода; исходящие неполны."
100000003232675100,peripheral,0.0,12,0.597554957379991,"Недостаточно признаков роли: отправителей 1, получателей 0, достижим из 7 seed. Граница обхода; исходящие неполны."
100000003235780100,terminal,0.7453913569054095,0,0.6604531179901301,Гипотеза конечного получателя: вход 65000 KZT от 2; исходящих 0; глубина 1. Только в пределах выгрузки.
100000003237045100,peripheral,0.0,16,0.7248766262898161,"Недостаточно признаков роли: отправителей 1, получателей 1, достижим из 7 seed."
100000003239379100,terminal,0.6925959504381989,7,0.3709869896814715,Гипотеза конечного получателя: вход 92500 KZT от 1; исходящих 0; глубина 1. Только в пределах выгрузки.
100000003239859100,terminal,0.6117255968570565,7,0.25604755495738,Гипотеза конечного получателя: вход 18600 KZT от 1; исходящих 0; глубина 1. Только в пределах выгрузки.
100000003241965100,terminal,0.6017527954064672,18,0.5220502467474204,Гипотеза конечного получателя: вход 15000 KZT от 1; исходящих 0; глубина 3. Только в пределах выгрузки.
100000003242289100,coordinator,0.9970390309555854,28,0.9918349035441902,Гипотеза координации: достижим из 7 seed; внешних кластеров 4; отправителей/получателей 3/23.
100000003242795100,terminal,0.7022967663946812,10,0.6656572454015253,Гипотеза конечного получателя: вход 111000 KZT от 1; исходящих 0; глубина 3. Только в пределах выгрузки.
100000003246024100,peripheral,0.0,8,0.641274113952445,"Недостаточно признаков роли: отправителей 1, получателей 1, достижим из 7 seed."
100000003247600100,peripheral,0.0,2,0.6246074472857783,"Недостаточно признаков роли: отправителей 1, получателей 0, достижим из 7 seed. Граница обхода; исходящие неполны."
100000003249054100,consolidator,0.928921124206709,2,0.868730372364289,Признаки консолидации: 7 отправителей; вход 99700 KZT; 1 получателей.
100000003252446100,peripheral,0.0,42,0.6637729923732616,"Недостаточно признаков роли: отправителей 1, получателей 0, достижим из 8 seed. Граница обхода; исходящие неполны."
100000003254277100,transit,0.7381421768468404,0,0.6381112606550022,"Признаки транзита: вход 49200, выход 44997 KZT; выход/вход=0.91. Совпадение сумм не доказывает движение тех же денег."
100000003254723100,terminal,0.7346630401934119,2,0.7130327501121578,Гипотеза конечного получателя: вход 269850 KZT от 1; исходящих 0; глубина 2. Только в пределах выгрузки.
100000003265158100,consolidator,0.8197869446962829,7,0.8394571556751906,Признаки консолидации: 3 отправителей; вход 146100 KZT; 2 получателей.
100000003265658100,peripheral,0.0,60,0.0,"Недостаточно признаков роли: отправителей 0, получателей 0, достижим из 0 seed. Seed: входящие неполны."
100000003270419100,terminal,0.7129948624962225,12,0.6810004486316734,Гипотеза конечного получателя: вход 150000 KZT от 1; исходящих 0; глубина 3. Только в пределах выгрузки.
100000003271151100,terminal,0.7061952251435479,8,0.6711754149842979,Гипотеза конечного получателя: вход 127294 KZT от 1; исходящих 0; глубина 3. Только в пределах выгрузки.
100000003275398100,peripheral,0.0,34,0.4700897263346792,"Недостаточно признаков роли: отправителей 1, получателей 1, достижим из 1 seed."
100000003278020100,terminal,0.7215170746449078,0,0.6933826828174069,Гипотеза конечного получателя: вход 190000 KZT от 1; исходящих 0; глубина 2. Только в пределах выгрузки.
100000003284932100,terminal,0.6803566032033848,2,0.6332211754149842,Гипотеза конечного получателя: вход 69925 KZT от 1; исходящих 0; глубина 1. Только в пределах выгрузки.
100000003286537100,terminal,0.7803868238138411,4,0.7115971287572902,Гипотеза конечного получателя: вход 153000 KZT от 2; исходящих 0; глубина 3. Только в пределах выгрузки.
100000003289281100,peripheral,0.0,0,0.5935172723194257,"Недостаточно признаков роли: отправителей 1, получателей 0, достижим из 7 seed. Граница обхода; исходящие неполны."
100000003289405100,terminal,0.7424599576911454,2,0.4468954688200987,Гипотеза конечного получателя: вход 355000 KZT от 1; исходящих 0; глубина 2. Только в пределах выгрузки.
100000003292191100,terminal,0.7024780900574191,35,0.665926424405563,Гипотеза конечного получателя: вход 112000 KZT от 1; исходящих 0; глубина 3. Только в пределах выгрузки.
100000003292979100,terminal,0.662858869749169,2,0.6076491700314042,Гипотеза конечного получателя: вход 48950 KZT от 1; исходящих 0; глубина 2. Только в пределах выгрузки.
100000003293377100,terminal,0.6673919613176186,10,0.6139748766262898,Гипотеза конечного получателя: вход 50000 KZT от 1; исходящих 0; глубина 3. Только в пределах выгрузки.
100000003299365100,transit,0.9279538904899136,2,0.6982279048900852,"Признаки транзита: вход 200000, выход 200000 KZT; выход/вход=1.00. Совпадение сумм не доказывает движение тех же денег."
100000003321423100,terminal,0.6985796313085524,11,0.6602736653207717,Гипотеза конечного получателя: вход 100000 KZT от 1; исходящих 0; глубина 2. Только в пределах выгрузки.
100000003321895100,peripheral,0.0,51,0.8404217137729924,"Недостаточно признаков роли: отправителей 1, получателей 2, достижим из 7 seed."
100000003336565100,terminal,0.6056512541553339,22,0.24797218483624944,Гипотеза конечного получателя: вход 16550 KZT от 1; исходящих 0; глубина 2. Только в пределах выгрузки.
100000003338583100,terminal,0.6207917799939559,34,0.26829519964109466,Гипотеза конечного получателя: вход 21765 KZT от 1; исходящих 0; глубина 3. Только в пределах выгрузки.
100000003345947100,peripheral,0.0,8,0.6414311350381336,"Недостаточно признаков роли: отправителей 1, получателей 0, достижим из 7 seed. Граница обхода; исходящие неполны."
100000003349739100,peripheral,0.0,61,0.0,"Недостаточно признаков роли: отправителей 0, получателей 0, достижим из 0 seed. Seed: входящие неполны."
100000003360542100,peripheral,0.0,11,0.7664647824136384,"Недостаточно признаков роли: отправителей 2, получателей 2, достижим из 11 seed."
100000003366154100,peripheral,0.0,2,0.7689322566173172,"Недостаточно признаков роли: отправителей 1, получателей 3, достижим из 10 seed."
100000003366471100,peripheral,0.0,8,0.8175414984297891,"Недостаточно признаков роли: отправителей 2, получателей 1, достижим из 7 seed."
100000003370425100,peripheral,0.0,12,0.5447958725886047,"Недостаточно признаков роли: отправителей 1, получателей 0, достижим из 7 seed. Граница обхода; исходящие неполны."
100000003377795100,terminal,0.5778180719250529,1,0.2113638402871243,Гипотеза конечного получателя: вход 7000 KZT от 1; исходящих 0; глубина 1. Только в пределах выгрузки.
100000003390036100,peripheral,0.0,11,0.755473306415433,"Недостаточно признаков роли: отправителей 2, получателей 2, достижим из 11 seed."
100000003404627100,consolidator,0.9103203384708372,42,0.8097128757290265,Признаки консолидации: 4 отправителей; вход 877700 KZT; 0 получателей.
100000003406094100,peripheral,0.0,16,0.6793853746074472,"Недостаточно признаков роли: отправителей 1, получателей 3, достижим из 7 seed."
100000003447411100,peripheral,0.0,8,0.7208389412292507,"Недостаточно признаков роли: отправителей 1, получателей 0, достижим из 7 seed. Граница обхода; исходящие неполны."
100000003448713100,peripheral,0.0,8,0.712090623598026,"Недостаточно признаков роли: отправителей 1, получателей 0, достижим из 7 seed. Граница обхода; исходящие неполны."
100000003449074100,terminal,0.5894227863402841,0,0.5058995065051592,Гипотеза конечного получателя: вход 10000 KZT от 1; исходящих 0; глубина 1. Только в пределах выгрузки.
100000003457710100,peripheral,0.0,10,0.7941004934948407,"Недостаточно признаков роли: отправителей 1, получателей 1, достижим из 7 seed."
100000003470579100,peripheral,0.0,14,0.7270300583221175,"Недостаточно признаков роли: отправителей 1, получателей 0, достижим из 7 seed. Граница обхода; исходящие неполны."
100000003476560100,terminal,0.6673919613176186,2,0.6139748766262898,Гипотеза конечного получателя: вход 50000 KZT от 1; исходящих 0; глубина 1. Только в пределах выгрузки.
100000003481025100,peripheral,0.0,0,0.4962090623598026,"Недостаточно признаков роли: отправителей 1, получателей 0, достижим из 7 seed. Граница обхода; исходящие неполны."
100000003484058100,peripheral,0.0,40,0.694638851502916,"Недостаточно признаков роли: отправителей 1, получателей 1, достижим из 7 seed."
100000003486846100,peripheral,0.0,16,0.568483624943921,"Недостаточно признаков роли: отправителей 1, получателей 0, достижим из 7 seed. Граница обхода; исходящие неполны."
100000003486970100,terminal,0.7129948624962225,10,0.6810004486316734,Гипотеза конечного получателя: вход 150000 KZT от 1; исходящих 0; глубина 3. Только в пределах выгрузки.
100000003497735100,terminal,0.705832577818072,43,0.6709062359802602,Гипотеза конечного получателя: вход 125000 KZT от 1; исходящих 0; глубина 3. Только в пределах выгрузки.
100000003500764100,peripheral,0.0,28,0.5472184836249439,"Недостаточно признаков роли: отправителей 1, получателей 0, достижим из 7 seed. Граница обхода; исходящие неполны."
100000003509750100,transit,0.822752177142551,1,0.4159847465231046,"Признаки транзита: вход 82290, выход 78400 KZT; выход/вход=0.95. Совпадение сумм не доказывает движение тех же денег."
100000003528285100,coordinator,0.9083781965006729,2,0.9087707492148945,Гипотеза координации: достижим из 7 seed; внешних кластеров 2; отправителей/получателей 4/4.
100000003557488100,peripheral,0.0,36,0.7798340062808433,"Недостаточно признаков роли: отправителей 1, получателей 2, достижим из 7 seed."
100000003561031100,peripheral,0.0,8,0.5437640197397936,"Недостаточно признаков роли: отправителей 1, получателей 1, достижим из 7 seed."
100000003567087100,terminal,0.6767301299486249,22,0.3485105428443248,Гипотеза конечного получателя: вход 62115 KZT от 1; исходящих 0; глубина 1. Только в пределах выгрузки.
100000003568904100,peripheral,0.0,12,0.6081875280394795,"Недостаточно признаков роли: отправителей 1, получателей 0, достижим из 7 seed. Граница обхода; исходящие неполны."
100000003574895100,peripheral,0.0,0,0.5986765365634813,"Недостаточно признаков роли: отправителей 1, получателей 1, достижим из 7 seed."
100000003581109100,terminal,0.6556059232396494,0,0.5964782413638403,Гипотеза конечного получателя: вход 42750 KZT от 1; исходящих 0; глубина 3. Только в пределах выгрузки.
100000003582677100,peripheral,0.0,2,0.8326155226558996,"Недостаточно признаков роли: отправителей 2, получателей 4, достижим из 7 seed."
100000003589877100,coordinator,0.9021197846567967,42,0.8962539255271422,Гипотеза координации: достижим из 9 seed; внешних кластеров 2; отправителей/получателей 2/6.
100000003594472100,terminal,0.618343910546993,36,0.5447958725886047,Гипотеза конечного получателя: вход 20000 KZT от 1; исходящих 0; глубина 3. Только в пределах выгрузки.
100000003603979100,terminal,0.7162586884255062,34,0.40624943921040824,Гипотеза конечного получателя: вход 165000 KZT от 1; исходящих 0; глубина 2. Только в пределах выгрузки.
100000003610172100,terminal,0.6816258688425506,10,0.6349708389412292,Гипотеза конечного получателя: вход 70000 KZT от 1; исходящих 0; глубина 3. Только в пределах выгрузки.
100000003616818100,peripheral,0.0,34,0.4787034544638851,"Недостаточно признаков роли: отправителей 3, получателей 3, достижим из 1 seed."
100000003617552100,terminal,0.6305832577818071,27,0.2817541498429789,Гипотеза конечного получателя: вход 25000 KZT от 1; исходящих 0; глубина 2. Только в пределах выгрузки.
100000003622955100,peripheral,0.0,11,0.5220502467474204,"Недостаточно признаков роли: отправителей 1, получателей 0, достижим из 11 seed. Граница обхода; исходящие неполны."
100000003626268100,peripheral,0.0,8,0.4835576491700314,"Недостаточно признаков роли: отправителей 1, получателей 0, достижим из 7 seed. Граница обхода; исходящие неполны."
100000003631015100,peripheral,0.0,62,0.7118214445939883,"Недостаточно признаков роли: отправителей 1, получателей 0, достижим из 7 seed. Граница обхода; исходящие неполны."
100000003632533100,peripheral,0.0,10,0.5058995065051592,"Недостаточно признаков роли: отправителей 1, получателей 0, достижим из 7 seed. Граница обхода; исходящие неполны."
100000003635170100,transit,0.8493423276930755,11,0.7693360251233736,"Признаки транзита: вход 268500, выход 253500 KZT; выход/вход=0.94. Совпадение сумм не доказывает движение тех же денег."
100000003635660100,terminal,0.6119975823511635,0,0.5364513234634365,Гипотеза конечного получателя: вход 18985 KZT от 1; исходящих 0; глубина 3. Только в пределах выгрузки.
100000003636627100,peripheral,0.0,1,0.6407581875280395,"Недостаточно признаков роли: отправителей 1, получателей 1, достижим из 7 seed."
100000003646145100,peripheral,0.0,41,0.4835576491700314,"Недостаточно признаков роли: отправителей 1, получателей 0, достижим из 8 seed. Граница обхода; исходящие неполны."
100000003647799100,terminal,0.6985796313085524,10,0.6602736653207717,Гипотеза конечного получателя: вход 100000 KZT от 1; исходящих 0; глубина 3. Только в пределах выгрузки.
100000003650146100,terminal,0.5980356603203385,16,0.5169358456707043,Гипотеза конечного получателя: вход 14400 KZT от 1; исходящих 0; глубина 3. Только в пределах выгрузки.
100000003664994100,peripheral,0.0,63,0.7242036787797218,"Недостаточно признаков роли: отправителей 1, получателей 0, достижим из 7 seed. Граница обхода; исходящие неполны."
100000003671721100,terminal,0.5717437292233303,18,0.4835576491700314,Гипотеза конечного получателя: вход 5000 KZT от 1; исходящих 0; глубина 3. Только в пределах выгрузки.
100000003677936100,peripheral,0.0,1,0.6657021085688649,"Недостаточно признаков роли: отправителей 1, получателей 1, достижим из 7 seed."
100000003684369100,coordinator,0.849771197846568,2,0.9991027366532077,Гипотеза координации: достижим из 9 seed; внешних кластеров 9; отправителей/получателей 24/62. Seed: входящие неполны.
100000003692843100,peripheral,0.0,51,0.7431807985643786,"Недостаточно признаков роли: отправителей 1, получателей 0, достижим из 7 seed. Граница обхода; исходящие неполны."
100000003696422100,peripheral,0.0,36,0.667676087931808,"Недостаточно признаков роли: отправителей 1, получателей 0, достижим из 7 seed. Граница обхода; исходящие неполны."
100000003701161100,consolidator,0.9141281353883348,29,0.8743831314490803,Признаки консолидации: 4 отправителей; вход 1527103 KZT; 3 получателей.
100000003711830100,terminal,0.6673919613176186,8,0.6139748766262898,Гипотеза конечного получателя: вход 50000 KZT от 1; исходящих 0; глубина 3. Только в пределах выгрузки.
100000003713616100,terminal,0.6037473556965851,16,0.5250112157918349,Гипотеза конечного получателя: вход 15893 KZT от 1; исходящих 0; глубина 1. Только в пределах выгрузки.
100000003718221100,peripheral,0.0,29,0.7858905338716914,"Недостаточно признаков роли: отправителей 2, получателей 4, достижим из 7 seed."
100000003718715100,peripheral,0.0,12,0.7586585912965456,"Недостаточно признаков роли: отправителей 1, получателей 0, достижим из 7 seed. Граница обхода; исходящие неполны."
100000003724440100,terminal,0.7340586279842852,2,0.693494840735756,Гипотеза конечного получателя: вход 50000 KZT от 2; исходящих 0; глубина 2. Только в пределах выгрузки.
100000003736419100,peripheral,0.0,0,0.5814490803050695,"Недостаточно признаков роли: отправителей 1, получателей 1, достижим из 7 seed."
100000003739818100,terminal,0.6738289513448171,2,0.6237999102736653,Гипотеза конечного получателя: вход 57293 KZT от 1; исходящих 0; глубина 1. Только в пределах выгрузки.
100000003741418100,consolidator,0.9468721668177698,10,0.7972633467922835,Признаки консолидации: 9 отправителей; вход 151900 KZT; 3 получателей.
100000003747133100,coordinator,0.9277759084791386,54,0.9206819201435621,Гипотеза координации: достижим из 7 seed; внешних кластеров 3; отправителей/получателей 5/2.
100000003760160100,terminal,0.6997582351163494,10,0.6620233288470165,Гипотеза конечного получателя: вход 104470 KZT от 1; исходящих 0; глубина 3. Только в пределах выгрузки.
100000003770083100,peripheral,0.0,64,0.0,"Недостаточно признаков роли: отправителей 0, получателей 0, достижим из 0 seed. Seed: входящие неполны."
100000003781406100,terminal,0.6585071018434572,7,0.6010542844324809,Гипотеза конечного получателя: вход 45000 KZT от 1; исходящих 0; глубина 3. Только в пределах выгрузки.
100000003782913100,peripheral,0.0,40,0.6982279048900852,"Недостаточно признаков роли: отправителей 1, получателей 0, достижим из 7 seed. Граница обхода; исходящие неполны."
100000003786516100,peripheral,0.0,0,0.4835576491700314,"Недостаточно признаков роли: отправителей 1, получателей 0, достижим из 7 seed. Граница обхода; исходящие неполны."
100000003792647100,peripheral,0.0,10,0.4935172723194257,"Недостаточно признаков роли: отправителей 1, получателей 0, достижим из 7 seed. Граница обхода; исходящие неполны."
100000003795588100,terminal,0.7459957691145361,0,0.7321444593988335,Гипотеза конечного получателя: вход 400000 KZT от 1; исходящих 0; глубина 3. Только в пределах выгрузки.
100000003796063100,distributor,0.9720461095100865,10,0.9762673844773441,Признаки распределения: 15 получателей; выход 959150 KZT; 1 отправителей.
100000003798151100,terminal,0.7420973103656694,16,0.7262225213100044,Гипотеза конечного получателя: вход 350000 KZT от 1; исходящих 0; глубина 2. Только в пределах выгрузки.
100000003809101100,peripheral,0.0,11,0.7807985643786451,"Недостаточно признаков роли: отправителей 2, получателей 2, достижим из 8 seed."
100000003814002100,terminal,0.6414626775460864,10,0.5772319425751458,Гипотеза конечного получателя: вход 30000 KZT от 1; исходящих 0; глубина 3. Только в пределах выгрузки.
100000003819173100,peripheral,0.0,8,0.67790489008524,"Недостаточно признаков роли: отправителей 1, получателей 0, достижим из 7 seed. Граница обхода; исходящие неполны."
100000003823811100,peripheral,0.0,47,0.7337371018393898,"Недостаточно признаков роли: отправителей 1, получателей 3, достижим из 7 seed."
100000003824464100,terminal,0.7249622242369296,29,0.6982279048900852,Гипотеза конечного получателя: вход 200000 KZT от 1; исходящих 0; глубина 2. Только в пределах выгрузки.
100000003831201100,terminal,0.6540646721063765,0,0.5944593988335576,Гипотеза конечного получателя: вход 40500 KZT от 1; исходящих 0; глубина 2. Только в пределах выгрузки.
100000003831324100,terminal,0.8,1,0.8000897263346792,Гипотеза конечного получателя: вход 300000 KZT от 2; исходящих 0; глубина 1. Только в пределах выгрузки.
100000003832231100,terminal,0.647718343910547,2,0.5861148497083895,Гипотеза конечного получателя: вход 35000 KZT от 1; исходящих 0; глубина 1. Только в пределах выгрузки.
100000003834495100,consolidator,0.8644832275611968,0,0.8008299685957829,Признаки консолидации: 3 отправителей; вход 602441 KZT; 1 получателей.
100000003835149100,peripheral,0.0,21,0.5417810677433826,"Недостаточно признаков роли: отправителей 1, получателей 2, достижим из 1 seed."
100000003838587100,peripheral,0.0,40,0.48813369223867203,"Недостаточно признаков роли: отправителей 1, получателей 0, достижим из 7 seed. Граница обхода; исходящие неполны."
100000003843844100,peripheral,0.0,12,0.7350157021085688,"Недостаточно признаков роли: отправителей 1, получателей 1, достижим из 7 seed."
100000003854444100,distributor,0.9899135446685879,43,0.9398609241812472,Признаки распределения: 14 получателей; выход 2322909 KZT; 1 отправителей.
100000003865939100,terminal,0.6871562405560592,65,0.3631807985643787,Гипотеза конечного получателя: вход 81465 KZT от 1; исходящих 0; глубина 1. Только в пределах выгрузки.
100000003873332100,peripheral,0.0,43,0.8228353521758636,"Недостаточно признаков роли: отправителей 1, получателей 4, достижим из 7 seed."
100000003877908100,terminal,0.6535207011181625,2,0.5935172723194257,Гипотеза конечного получателя: вход 40000 KZT от 1; исходящих 0; глубина 1. Только в пределах выгрузки.
100000003880331100,distributor,0.9948126801152738,8,0.9940331987438313,Признаки распределения: 16 получателей; выход 3904908 KZT; 1 отправителей.
100000003886323100,peripheral,0.0,16,0.6706819201435621,"Недостаточно признаков роли: отправителей 2, получателей 1, достижим из 7 seed."
100000003888197100,terminal,0.6880628588697492,10,0.644526693584567,Гипотеза конечного получателя: вход 83167 KZT от 1; исходящих 0; глубина 3. Только в пределах выгрузки.
100000003888271100,peripheral,0.0,23,0.3124854194706146,"Недостаточно признаков роли: отправителей 1, получателей 2, достижим из 1 seed."
100000003888527100,terminal,0.6414626775460864,63,0.5772319425751458,Гипотеза конечного получателя: вход 30000 KZT от 1; исходящих 0; глубина 3. Только в пределах выгрузки.
100000003896956100,peripheral,0.0,16,0.5980035890533871,"Недостаточно признаков роли: отправителей 1, получателей 1, достижим из 7 seed."
100000003899325100,terminal,0.6674826231489877,8,0.6142440556303275,Гипотеза конечного получателя: вход 50120 KZT от 1; исходящих 0; глубина 3. Только в пределах выгрузки.
100000003899899100,peripheral,0.0,16,0.7456034096007178,"Недостаточно признаков роли: отправителей 2, получателей 1, достижим из 7 seed."
100000003900547100,terminal,0.6253248715624056,16,0.5542171377299238,Гипотеза конечного получателя: вход 23700 KZT от 1; исходящих 0; глубина 1. Только в пределах выгрузки.
100000003904497100,peripheral,0.0,4,0.5058995065051592,"Недостаточно признаков роли: отправителей 1, получателей 0, достижим из 9 seed. Граница обхода; исходящие неполны."
100000003917461100,peripheral,0.0,7,0.7059443696724989,"Недостаточно признаков роли: отправителей 1, получателей 2, достижим из 9 seed."
100000003920950100,terminal,0.7398307645814446,1,0.7227231942575145,Гипотеза конечного получателя: вход 323290 KZT от 1; исходящих 0; глубина 3. Только в пределах выгрузки.
100000003922499100,terminal,0.6673919613176186,7,0.33397487662628983,Гипотеза конечного получателя: вход 50000 KZT от 1; исходящих 0; глубина 2. Только в пределах выгрузки.
100000003923946100,peripheral,0.0,1,0.5925796321220278,"Недостаточно признаков роли: отправителей 1, получателей 4, достижим из 2 seed."
100000003927792100,terminal,0.5954971290420066,3,0.5137056976222522,Гипотеза конечного получателя: вход 13067 KZT от 1; исходящих 0; глубина 2. Только в пределах выгрузки.
100000003934614100,peripheral,0.0,59,0.5733288470165994,"Недостаточно признаков роли: отправителей 2, получателей 1, достижим из 7 seed."
100000003942602100,transit,0.8556195965417868,22,0.29723194257514585,"Признаки транзита: вход 30000, выход 30000 KZT; выход/вход=1.00. Совпадение сумм не доказывает движение тех же денег."
100000003943247100,terminal,0.6535207011181625,0,0.5935172723194257,Гипотеза конечного получателя: вход 40000 KZT от 1; исходящих 0; глубина 3. Только в пределах выгрузки.
100000003943483100,terminal,0.5894227863402841,7,0.5058995065051592,Гипотеза конечного получателя: вход 10000 KZT от 1; исходящих 0; глубина 2. Только в пределах выгрузки.
100000003946524100,transit,0.7911296926063541,2,0.7229923732615522,"Признаки транзита: вход 133757, выход 144750 KZT; выход/вход=1.08. Совпадение сумм не доказывает движение тех же денег."
100000003950749100,peripheral,0.0,16,0.49136384028712426,"Недостаточно признаков роли: отправителей 1, получателей 0, достижим из 7 seed. Граница обхода; исходящие неполны."
100000003951827100,peripheral,0.0,0,0.6233288470165994,"Недостаточно признаков роли: отправителей 1, получателей 2, достижим из 7 seed."
100000003962994100,terminal,0.5894227863402841,19,0.5058995065051592,Гипотеза конечного получателя: вход 10000 KZT от 1; исходящих 0; глубина 3. Только в пределах выгрузки.
100000003964910100,terminal,0.8,28,0.7896590399282188,Гипотеза конечного получателя: вход 1000000 KZT от 2; исходящих 0; глубина 3. Только в пределах выгрузки.
100000003968044100,peripheral,0.0,8,0.8739120681920143,"Недостаточно признаков роли: отправителей 1, получателей 3, достижим из 7 seed."
100000003970394100,terminal,0.6890601390148081,7,0.36600717810677436,Гипотеза конечного получателя: вход 85000 KZT от 1; исходящих 0; глубина 1. Только в пределах выгрузки.
100000003971049100,terminal,0.6731036566938652,0,0.6225886047554957,Гипотеза конечного получателя: вход 55900 KZT от 1; исходящих 0; глубина 2. Только в пределах выгрузки.
100000003975102100,peripheral,0.0,16,0.7420367877972185,"Недостаточно признаков роли: отправителей 1, получателей 2, достижим из 7 seed. Seed: входящие неполны."
100000003977183100,peripheral,0.0,1,0.5314625392552714,"Недостаточно признаков роли: отправителей 2, получателей 4, достижим из 1 seed. Seed: входящие неполны."
100000003980083100,terminal,0.6414626775460864,58,0.29723194257514585,Гипотеза конечного получателя: вход 30000 KZT от 1; исходящих 0; глубина 1. Только в пределах выгрузки.
100000003985389100,peripheral,0.0,8,0.7336249439210408,"Недостаточно признаков роли: отправителей 1, получателей 0, достижим из 7 seed. Граница обхода; исходящие неполны."
100000003986141100,terminal,0.5723783620429133,28,0.4844997756841633,Гипотеза конечного получателя: вход 5286 KZT от 1; исходящих 0; глубина 3. Только в пределах выгрузки.
100000003988112100,peripheral,0.0,47,0.6508524001794527,"Недостаточно признаков роли: отправителей 1, получателей 1, достижим из 7 seed."
100000003989033100,peripheral,0.0,18,0.4486451323463436,"Недостаточно признаков роли: отправителей 1, получателей 0, достижим из 1 seed. Граница обхода; исходящие неполны."
100000003996562100,terminal,0.5787246902387428,0,0.4921713772992373,Гипотеза конечного получателя: вход 7700 KZT от 1; исходящих 0; глубина 3. Только в пределах выгрузки.
100000004004621100,consolidator,0.7926790571169539,12,0.7830192911619561,Признаки консолидации: 3 отправителей; вход 75389 KZT; 0 получателей.
100000004005964100,peripheral,0.0,34,0.42715567519066844,"Недостаточно признаков роли: отправителей 3, получателей 3, достижим из 1 seed."
100000004006327100,peripheral,0.0,42,0.7205697622252131,"Недостаточно признаков роли: отправителей 1, получателей 0, достижим из 8 seed. Граница обхода; исходящие неполны."
100000004007116100,peripheral,0.0,34,0.46132794975325253,"Недостаточно признаков роли: отправителей 3, получателей 4, достижим из 0 seed. Seed: входящие неполны."
100000004007197100,terminal,0.5895134481716531,34,0.2260340960071781,Гипотеза конечного получателя: вход 10048 KZT от 1; исходящих 0; глубина 3. Только в пределах выгрузки.
100000004013952100,peripheral,0.0,0,0.4863840287124271,"Недостаточно признаков роли: отправителей 1, получателей 0, достижим из 7 seed. Граница обхода; исходящие неполны."
100000004015047100,consolidator,0.9942883046237534,1,0.972678331090175,Признаки консолидации: 9 отправителей; вход 919104 KZT; 1 получателей.
100000004017410100,distributor,0.8536743515850145,59,0.8218259309107223,Признаки распределения: 5 получателей; выход 1330915 KZT; 2 отправителей.
100000004019056100,peripheral,0.0,12,0.6139748766262898,"Недостаточно признаков роли: отправителей 1, получателей 0, достижим из 7 seed. Граница обхода; исходящие неполны."
100000004019124100,consolidator,0.7060664097914778,16,0.7387393449977568,Признаки консолидации: 3 отправителей; вход 193000 KZT; 0 получателей. Seed: входящие неполны.
100000004021459100,peripheral,0.0,66,0.0,"Недостаточно признаков роли: отправителей 0, получателей 0, достижим из 0 seed. Seed: входящие неполны."
100000004030553100,peripheral,0.0,8,0.35497083894122927,"Недостаточно признаков роли: отправителей 1, получателей 0, достижим из 1 seed. Граница обхода; исходящие неполны."
100000004035925100,peripheral,0.0,67,0.7618887393449978,"Недостаточно признаков роли: отправителей 1, получателей 0, достижим из 7 seed. Граница обхода; исходящие неполны."
100000004041163100,peripheral,0.0,47,0.7864288918797666,"Недостаточно признаков роли: отправителей 1, получателей 2, достижим из 14 seed. Seed: входящие неполны."
100000004041294100,peripheral,0.0,13,0.5328174069089278,"Недостаточно признаков роли: отправителей 1, получателей 0, достижим из 7 seed. Граница обхода; исходящие неполны."
100000004047887100,peripheral,0.0,30,0.5772319425751458,"Недостаточно признаков роли: отправителей 1, получателей 0, достижим из 7 seed. Граница обхода; исходящие неполны."
100000004049912100,peripheral,0.0,43,0.5058995065051592,"Недостаточно признаков роли: отправителей 1, получателей 0, достижим из 7 seed. Граница обхода; исходящие неполны."
100000004058740100,terminal,0.6414626775460864,22,0.29723194257514585,Гипотеза конечного получателя: вход 30000 KZT от 1; исходящих 0; глубина 1. Только в пределах выгрузки.
100000004064431100,peripheral,0.0,34,0.3132929564827277,"Недостаточно признаков роли: отправителей 1, получателей 1, достижим из 1 seed."
100000004066370100,peripheral,0.0,26,0.35093315388066393,"Недостаточно признаков роли: отправителей 1, получателей 0, достижим из 1 seed. Граница обхода; исходящие неполны."
100000004066647100,terminal,0.6685705651254156,43,0.6155899506505159,Гипотеза конечного получателя: вход 51000 KZT от 1; исходящих 0; глубина 3. Только в пределах выгрузки.
100000004070318100,coordinator,0.9834454912516823,0,0.9641991924629879,Гипотеза координации: достижим из 7 seed; внешних кластеров 8; отправителей/получателей 4/19.
100000004070530100,peripheral,0.0,30,0.5447958725886047,"Недостаточно признаков роли: отправителей 1, получателей 0, достижим из 7 seed. Граница обхода; исходящие неполны."
100000004071070100,peripheral,0.0,0,0.6245177209510991,"Недостаточно признаков роли: отправителей 2, получателей 1, достижим из 7 seed."
100000004071080100,coordinator,0.9260262449528937,0,0.9205921938088828,Гипотеза координации: достижим из 7 seed; внешних кластеров 3; отправителей/получателей 9/2.
100000004071444100,peripheral,0.0,0,0.737438313144908,"Недостаточно признаков роли: отправителей 1, получателей 1, достижим из 7 seed."
100000004076740100,distributor,0.8109510086455332,59,0.8321893225661732,Признаки распределения: 6 получателей; выход 125000 KZT; 3 отправителей.
100000004077081100,peripheral,0.0,2,0.9059443696724989,"Недостаточно признаков роли: отправителей 1, получателей 4, достижим из 7 seed."
100000004094958100,transit,0.8258035912214589,68,0.3430372364288919,"Признаки транзита: вход 39000, выход 40000 KZT; выход/вход=1.03. Совпадение сумм не доказывает движение тех же денег."
100000004096559100,terminal,0.6593230583257782,1,0.32240017945266936,Гипотеза конечного получателя: вход 46200 KZT от 1; исходящих 0; глубина 3. Только в пределах выгрузки.
100000004097972100,peripheral,0.0,0,0.7124943921040825,"Недостаточно признаков роли: отправителей 1, получателей 2, достижим из 7 seed."
100000004099450100,terminal,0.6424599576911454,0,0.5785778375953342,Гипотеза конечного получателя: вход 31000 KZT от 1; исходящих 0; глубина 3. Только в пределах выгрузки.
100000004105288100,terminal,0.7935327893623451,2,0.7801704800358905,Гипотеза конечного получателя: вход 215000 KZT от 2; исходящих 0; глубина 1. Только в пределах выгрузки.
100000004107228100,peripheral,0.0,2,0.4835576491700314,"Недостаточно признаков роли: отправителей 1, получателей 0, достижим из 7 seed. Граница обхода; исходящие неполны."
100000004114962100,terminal,0.7829253550921729,10,0.7657694033198744,Гипотеза конечного получателя: вход 165000 KZT от 2; исходящих 0; глубина 3. Только в пределах выгрузки.
100000004130144100,terminal,0.7249622242369296,1,0.41822790489008527,Гипотеза конечного получателя: вход 200000 KZT от 1; исходящих 0; глубина 1. Только в пределах выгрузки.
100000004134060100,terminal,0.690238742822605,35,0.6474876626289816,Гипотеза конечного получателя: вход 88179 KZT от 1; исходящих 0; глубина 2. Только в пределах выгрузки.
100000004135268100,transit,0.6843829154775279,55,0.5279183490354419,"Признаки транзита: вход 1239000, выход 1000200 KZT; выход/вход=0.81. Совпадение сумм не доказывает движение тех же денег."
100000004140487100,distributor,0.9342939481268012,2,0.9266038582323911,Признаки распределения: 10 получателей; выход 262600 KZT; 1 отправителей.
100000004140994100,terminal,0.6118162586884255,22,0.25618214445939885,Гипотеза конечного получателя: вход 18650 KZT от 1; исходящих 0; глубина 3. Только в пределах выгрузки.
100000004144536100,consolidator,0.8670746449078272,34,0.45986092418124724,Признаки консолидации: 4 отправителей; вход 168000 KZT; 0 получателей.
100000004150593100,distributor,0.9700288184438041,16,0.9228129205921938,Признаки распределения: 11 получателей; выход 871165 KZT; 1 отправителей.
100000004156082100,coordinator,0.9593371467025572,3,0.9918797667115298,Гипотеза координации: достижим из 7 seed; внешних кластеров 3; отправителей/получателей 5/26.
100000004158362100,terminal,0.5927772741009368,0,0.5103409600717811,Гипотеза конечного получателя: вход 12000 KZT от 1; исходящих 0; глубина 2. Только в пределах выгрузки.
100000004159526100,coordinator,0.8925639300134589,40,0.8752579632122027,Гипотеза координации: достижим из 8 seed; внешних кластеров 2; отправителей/получателей 4/4.
100000004160650100,distributor,0.9821325648414986,34,0.5518304172274562,Признаки распределения: 10 получателей; выход 1489827 KZT; 2 отправителей.
100000004167082100,peripheral,0.0,12,0.5142440556303275,"Недостаточно признаков роли: отправителей 1, получателей 0, достижим из 7 seed. Граница обхода; исходящие неполны."
100000004174835100,peripheral,0.0,69,0.0,"Недостаточно признаков роли: отправителей 0, получателей 0, достижим из 0 seed. Seed: входящие неполны."
100000004177936100,peripheral,0.0,8,0.5058995065051592,"Недостаточно признаков роли: отправителей 1, получателей 0, достижим из 7 seed. Граница обхода; исходящие неполны."
100000004180097100,peripheral,0.0,0,0.7642889187976671,"Недостаточно признаков роли: отправителей 3, получателей 3, достижим из 7 seed."
100000004183610100,peripheral,0.0,12,0.7881785554060117,"Недостаточно признаков роли: отправителей 1, получателей 1, достижим из 7 seed."
100000004184158100,terminal,0.7256875188878815,0,0.6991700314042171,Гипотеза конечного получателя: вход 203805 KZT от 1; исходящих 0; глубина 3. Только в пределах выгрузки.
100000004185681100,terminal,0.5894227863402841,2,0.5058995065051592,Гипотеза конечного получателя: вход 10000 KZT от 1; исходящих 0; глубина 3. Только в пределах выгрузки.
100000004186824100,peripheral,0.0,16,0.7815388066397487,"Недостаточно признаков роли: отправителей 2, получателей 1, достижим из 7 seed."
100000004188160100,distributor,0.7873919308357349,16,0.8328174069089277,Признаки распределения: 5 получателей; выход 133846 KZT; 2 отправителей.
100000004192107100,terminal,0.6305832577818071,2,0.5617541498429789,Гипотеза конечного получателя: вход 25000 KZT от 1; исходящих 0; глубина 2. Только в пределах выгрузки.
100000004192865100,terminal,0.6793593230583258,27,0.35214445939883354,Гипотеза конечного получателя: вход 66666 KZT от 1; исходящих 0; глубина 2. Только в пределах выгрузки.
100000004193835100,peripheral,0.0,16,0.6840735755944369,"Недостаточно признаков роли: отправителей 1, получателей 1, достижим из 7 seed. Seed: входящие неполны."
100000004200745100,peripheral,0.0,7,0.6723867205024675,"Недостаточно признаков роли: отправителей 1, получателей 0, достижим из 9 seed. Граница обхода; исходящие неполны."
100000004206046100,terminal,0.591236022967664,16,0.5083221175414984,Гипотеза конечного получателя: вход 11075 KZT от 1; исходящих 0; глубина 1. Только в пределах выгрузки.
100000004209339100,peripheral,0.0,11,0.7352848811126065,"Недостаточно признаков роли: отправителей 1, получателей 2, достижим из 8 seed."
100000004213658100,terminal,0.6310365669386522,22,0.28242709735307314,Гипотеза конечного получателя: вход 25347 KZT от 1; исходящих 0; глубина 1. Только в пределах выгрузки.
100000004217419100,peripheral,0.0,8,0.7623598026020637,"Недостаточно признаков роли: отправителей 2, получателей 1, достижим из 7 seed."
100000004218576100,terminal,0.6324871562405561,22,0.2841767608793181,Гипотеза конечного получателя: вход 26144 KZT от 1; исходящих 0; глубина 1. Только в пределах выгрузки.
100000004221668100,consolidator,0.912586884255062,46,0.5891341408703454,Признаки консолидации: 4 отправителей; вход 1128300 KZT; 3 получателей.
100000004222274100,peripheral,0.0,0,0.5229923732615522,"Недостаточно признаков роли: отправителей 1, получателей 0, достижим из 7 seed. Граница обхода; исходящие неполны."
100000004225615100,terminal,0.6915986702931399,4,0.369775684163302,Гипотеза конечного получателя: вход 90000 KZT от 1; исходящих 0; глубина 2. Только в пределах выгрузки.
100000004226848100,terminal,0.7387428226050166,2,0.7207043517272319,Гипотеза конечного получателя: вход 301866 KZT от 1; исходящих 0; глубина 1. Только в пределах выгрузки.
100000004232712100,peripheral,0.0,10,0.5119560340960072,"Недостаточно признаков роли: отправителей 1, получателей 0, достижим из 7 seed. Граница обхода; исходящие неполны."
100000004235471100,peripheral,0.0,10,0.6902871242709735,"Недостаточно признаков роли: отправителей 1, получателей 0, достижим из 7 seed. Граница обхода; исходящие неполны."
100000004241142100,peripheral,0.0,0,0.5686182144459399,"Недостаточно признаков роли: отправителей 1, получателей 0, достижим из 7 seed. Граница обхода; исходящие неполны."
100000004254434100,terminal,0.6568751888788154,22,0.31836249439210407,Гипотеза конечного получателя: вход 44445 KZT от 1; исходящих 0; глубина 1. Только в пределах выгрузки.
100000004257714100,terminal,0.6694771834391054,22,0.33693584567070434,Гипотеза конечного получателя: вход 52220 KZT от 1; исходящих 0; глубина 3. Только в пределах выгрузки.
100000004260869100,peripheral,0.0,16,0.5058995065051592,"Недостаточно признаков роли: отправителей 1, получателей 0, достижим из 7 seed. Граница обхода; исходящие неполны."
100000004261340100,peripheral,0.0,0,0.6071108120233288,"Недостаточно признаков роли: отправителей 1, получателей 0, достижим из 7 seed. Граница обхода; исходящие неполны."
100000004263867100,peripheral,0.0,18,0.2162090623598026,"Недостаточно признаков роли: отправителей 1, получателей 0, достижим из 1 seed. Граница обхода; исходящие неполны."
100000004265639100,peripheral,0.0,8,0.5058995065051592,"Недостаточно признаков роли: отправителей 1, получателей 0, достижим из 7 seed. Граница обхода; исходящие неполны."
100000004268036100,peripheral,0.0,18,0.20638402871242711,"Недостаточно признаков роли: отправителей 1, получателей 0, достижим из 1 seed. Граница обхода; исходящие неполны."
100000004269433100,peripheral,0.0,70,0.4156572454015254,"Недостаточно признаков роли: отправителей 0, получателей 1, достижим из 0 seed. Seed: входящие неполны."
100000004272302100,peripheral,0.0,54,0.5058995065051592,"Недостаточно признаков роли: отправителей 1, получателей 0, достижим из 7 seed. Граница обхода; исходящие неполны."
100000004278574100,peripheral,0.0,10,0.591274113952445,"Недостаточно признаков роли: отправителей 1, получателей 1, достижим из 7 seed."
100000004285800100,peripheral,0.0,0,0.5515702108568865,"Недостаточно признаков роли: отправителей 1, получателей 1, достижим из 10 seed."
100000004286573100,terminal,0.6057419159867029,7,0.2481067743382683,Гипотеза конечного получателя: вход 16590 KZT от 1; исходящих 0; глубина 1. Только в пределах выгрузки.
100000004291560100,terminal,0.661317618615896,0,0.6053611484970839,Гипотеза конечного получателя: вход 47190 KZT от 1; исходящих 0; глубина 3. Только в пределах выгрузки.
100000004291663100,peripheral,0.0,0,0.5617541498429789,"Недостаточно признаков роли: отправителей 1, получателей 0, достижим из 7 seed. Граница обхода; исходящие неполны."
100000004292885100,terminal,0.7025687518887882,22,0.38606101390758185,Гипотеза конечного получателя: вход 112700 KZT от 1; исходящих 0; глубина 3. Только в пределах выгрузки.
100000004299488100,consolidator,0.9978241160471442,0,0.8804396590399282,Признаки консолидации: 6 отправителей; вход 1749000 KZT; 2 получателей.
100000004315838100,peripheral,0.0,2,0.7083894122925078,"Недостаточно признаков роли: отправителей 2, получателей 1, достижим из 10 seed."
100000004318918100,terminal,0.6846177092777275,11,0.6388739344997756,Гипотеза конечного получателя: вход 75600 KZT от 1; исходящих 0; глубина 1. Только в пределах выгрузки.
100000004321983100,peripheral,0.0,46,0.35214445939883354,"Недостаточно признаков роли: отправителей 1, получателей 2, достижим из 1 seed."
100000004325327100,transit,0.8705910867638345,0,0.6801929116195603,"Признаки транзита: вход 70817, выход 70000 KZT; выход/вход=0.99. Совпадение сумм не доказывает движение тех же денег."
100000004326224100,peripheral,0.0,10,0.6271646478241364,"Недостаточно признаков роли: отправителей 1, получателей 0, достижим из 7 seed. Граница обхода; исходящие неполны."
100000004330371100,peripheral,0.0,16,0.7408030506953791,"Недостаточно признаков роли: отправителей 2, получателей 2, достижим из 7 seed."
100000004331458100,terminal,0.7992444847385917,68,0.4589187976671153,Гипотеза конечного получателя: вход 250000 KZT от 2; исходящих 0; глубина 2. Только в пределах выгрузки.
100000004336228100,terminal,0.6688425506195225,8,0.6159937191565724,Гипотеза конечного получателя: вход 51407 KZT от 1; исходящих 0; глубина 3. Только в пределах выгрузки.
100000004336312100,consolidator,0.8001133272892114,59,0.7020412741139525,Признаки консолидации: 3 отправителей; вход 90415 KZT; 2 получателей.
100000004340038100,peripheral,0.0,12,0.6377074921489456,"Недостаточно признаков роли: отправителей 1, получателей 1, достижим из 7 seed."
100000004350094100,peripheral,0.0,43,0.5447958725886047,"Недостаточно признаков роли: отправителей 1, получателей 0, достижим из 7 seed. Граница обхода; исходящие неполны."
100000004351795100,coordinator,0.9950874831763122,0,0.9867653656348139,Гипотеза координации: достижим из 7 seed; внешних кластеров 5; отправителей/получателей 3/14.
100000004356593100,peripheral,0.0,2,0.6434948407357559,"Недостаточно признаков роли: отправителей 1, получателей 1, достижим из 7 seed."
100000004358004100,distributor,0.8267291066282422,2,0.6249214894571556,Признаки распределения: 11 получателей; выход 980850 KZT; 0 отправителей. Seed: входящие неполны.
100000004360785100,terminal,0.6938652160773647,16,0.6527366532077165,Гипотеза конечного получателя: вход 94705 KZT от 1; исходящих 0; глубина 1. Только в пределах выгрузки.
100000004368189100,peripheral,0.0,24,0.56440556303275,"Недостаточно признаков роли: отправителей 1, получателей 2, достижим из 2 seed."
100000004377043100,peripheral,0.0,15,0.48665320771646475,"Недостаточно признаков роли: отправителей 1, получателей 0, достижим из 7 seed. Граница обхода; исходящие неполны."
100000004379306100,peripheral,0.0,8,0.5220502467474204,"Недостаточно признаков роли: отправителей 1, получателей 0, достижим из 7 seed. Граница обхода; исходящие неполны."
100000004386258100,peripheral,0.0,7,0.6802377747869,"Недостаточно признаков роли: отправителей 3, получателей 3, достижим из 9 seed."
100000004386286100,peripheral,0.0,7,0.5119560340960072,"Недостаточно признаков роли: отправителей 1, получателей 0, достижим из 9 seed. Граница обхода; исходящие неполны."
100000004386331100,transit,0.6470821325648415,7,0.5743158366980708,"Признаки транзита: вход 20000, выход 17500 KZT; выход/вход=0.88. Совпадение сумм не доказывает движение тех же денег."
100000004388209100,terminal,0.5917799939558779,22,0.22899506505159264,Гипотеза конечного получателя: вход 11800 KZT от 1; исходящих 0; глубина 1. Только в пределах выгрузки.
100000004388353100,terminal,0.7436687821093986,11,0.7082996859578287,Гипотеза конечного получателя: вход 62960 KZT от 2; исходящих 0; глубина 1. Только в пределах выгрузки.
100000004388983100,peripheral,0.0,71,0.41637505607895914,"Недостаточно признаков роли: отправителей 0, получателей 2, достижим из 0 seed. Seed: входящие неполны."
100000004390333100,coordinator,0.9068977119784656,0,0.9073351278600269,Гипотеза координации: достижим из 7 seed; внешних кластеров 2; отправителей/получателей 2/9.
100000004394765100,consolidator,0.8645738893925657,16,0.8555406011664424,Признаки консолидации: 3 отправителей; вход 603844 KZT; 2 получателей.
100000004398811100,peripheral,0.0,2,0.582673844773441,"Недостаточно признаков роли: отправителей 1, получателей 3, достижим из 1 seed."
100000004399686100,terminal,0.7596857056512542,21,0.4759668012561687,Гипотеза конечного получателя: вход 806000 KZT от 1; исходящих 0; глубина 3. Только в пределах выгрузки.
100000004400305100,coordinator,0.9995962314939435,0,0.9989232839838492,Гипотеза координации: достижим из 7 seed; внешних кластеров 9; отправителей/получателей 7/82.
100000004400361100,terminal,0.5894227863402841,16,0.5058995065051592,Гипотеза конечного получателя: вход 10000 KZT от 1; исходящих 0; глубина 2. Только в пределах выгрузки.
100000004400480100,peripheral,0.0,24,0.33816061013907583,"Недостаточно признаков роли: отправителей 1, получателей 0, достижим из 2 seed. Граница обхода; исходящие неполны."
100000004403548100,peripheral,0.0,8,0.4835576491700314,"Недостаточно признаков роли: отправителей 1, получателей 0, достижим из 7 seed. Граница обхода; исходящие неполны."
100000004403641100,peripheral,0.0,24,0.6890758187528039,"Недостаточно признаков роли: отправителей 1, получателей 0, достижим из 8 seed. Граница обхода; исходящие неполны."
100000004403675100,coordinator,0.9662853297442799,47,0.9245850157021085,Гипотеза координации: достижим из 7 seed; внешних кластеров 4; отправителей/получателей 4/5.
100000004407753100,peripheral,0.0,15,0.7093988335576491,"Недостаточно признаков роли: отправителей 1, получателей 1, достижим из 7 seed."
100000004408683100,terminal,0.7695074040495617,16,0.6958501570210857,Гипотеза конечного получателя: вход 112920 KZT от 2; исходящих 0; глубина 1. Только в пределах выгрузки.
100000004410489100,terminal,0.6714717437292234,2,0.6201659937191566,Гипотеза конечного получателя: вход 54000 KZT от 1; исходящих 0; глубина 2. Только в пределах выгрузки.
100000004417753100,terminal,0.7885463886370505,2,0.7733064154329296,Гипотеза конечного получателя: вход 192099 KZT от 2; исходящих 0; глубина 3. Только в пределах выгрузки.
100000004418967100,peripheral,0.0,42,0.6602736653207717,"Недостаточно признаков роли: отправителей 1, получателей 0, достижим из 8 seed. Граница обхода; исходящие неполны."
100000004420041100,distributor,0.8892651296829972,7,0.8633467922835352,Признаки распределения: 7 получателей; выход 651830 KZT; 1 отправителей.
100000004424023100,peripheral,0.0,1,0.6897936294302378,"Недостаточно признаков роли: отправителей 1, получателей 1, достижим из 9 seed."
100000004433250100,peripheral,0.0,0,0.4935172723194257,"Недостаточно признаков роли: отправителей 1, получателей 0, достижим из 7 seed. Граница обхода; исходящие неполны."
100000004435304100,terminal,0.63393774554246,22,0.28633019291161954,Гипотеза конечного получателя: вход 26200 KZT от 1; исходящих 0; глубина 2. Только в пределах выгрузки.
100000004441291100,terminal,0.618343910546993,2,0.5447958725886047,Гипотеза конечного получателя: вход 20000 KZT от 1; исходящих 0; глубина 2. Только в пределах выгрузки.
100000004445291100,terminal,0.6130855243275914,13,0.5379318079856438,Гипотеза конечного получателя: вход 19500 KZT от 1; исходящих 0; глубина 3. Только в пределах выгрузки.
100000004449824100,peripheral,0.0,18,0.2162090623598026,"Недостаточно признаков роли: отправителей 1, получателей 0, достижим из 1 seed. Граница обхода; исходящие неполны."
100000004450649100,peripheral,0.0,10,0.8460520412741138,"Недостаточно признаков роли: отправителей 2, получателей 2, достижим из 7 seed."
100000004451012100,peripheral,0.0,43,0.7025796321220279,"Недостаточно признаков роли: отправителей 1, получателей 3, достижим из 7 seed."
100000004456564100,terminal,0.5894227863402841,40,0.5058995065051592,Гипотеза конечного получателя: вход 10000 KZT от 1; исходящих 0; глубина 2. Только в пределах выгрузки.
100000004463277100,terminal,0.647718343910547,27,0.3061148497083894,Гипотеза конечного получателя: вход 35000 KZT от 1; исходящих 0; глубина 2. Только в пределах выгрузки.
100000004467157100,peripheral,0.0,59,0.5447958725886047,"Недостаточно признаков роли: отправителей 1, получателей 1, достижим из 7 seed."
100000004472936100,peripheral,0.0,12,0.4835576491700314,"Недостаточно признаков роли: отправителей 1, получателей 0, достижим из 7 seed. Граница обхода; исходящие неполны."
100000004475818100,peripheral,0.0,10,0.714176760879318,"Недостаточно признаков роли: отправителей 1, получателей 3, достижим из 7 seed."
100000004479404100,peripheral,0.0,49,0.8467922835352175,"Недостаточно признаков роли: отправителей 2, получателей 1, достижим из 7 seed."
100000004480280100,peripheral,0.0,2,0.8122925078510543,"Недостаточно признаков роли: отправителей 1, получателей 2, достижим из 10 seed."
100000004486525100,coordinator,0.8993606998654105,0,0.8922611036339165,Гипотеза координации: достижим из 7 seed; внешних кластеров 2; отправителей/получателей 8/2.
100000004488265100,terminal,0.6509821698398308,8,0.5905563032750112,Гипотеза конечного получателя: вход 38740 KZT от 1; исходящих 0; глубина 3. Только в пределах выгрузки.
100000004491749100,terminal,0.6673919613176186,1,0.33397487662628983,Гипотеза конечного получателя: вход 50000 KZT от 1; исходящих 0; глубина 3. Только в пределах выгрузки.
100000004491881100,terminal,0.6069205197944998,22,0.24958725886047556,Гипотеза конечного получателя: вход 17144 KZT от 1; исходящих 0; глубина 1. Только в пределах выгрузки.
100000004493586100,terminal,0.5783620429132669,0,0.4919021982951996,Гипотеза конечного получателя: вход 7500 KZT от 1; исходящих 0; глубина 3. Только в пределах выгрузки.
100000004494983100,terminal,0.647718343910547,22,0.3061148497083894,Гипотеза конечного получателя: вход 35000 KZT от 1; исходящих 0; глубина 1. Только в пределах выгрузки.
100000004497606100,terminal,0.6027500755515262,22,0.24353073126962765,Гипотеза конечного получателя: вход 15534 KZT от 1; исходящих 0; глубина 1. Только в пределах выгрузки.
100000004500444100,peripheral,0.0,40,0.7347016599371915,"Недостаточно признаков роли: отправителей 2, получателей 1, достижим из 7 seed."
100000004500781100,peripheral,0.0,40,0.6375280394795872,"Недостаточно признаков роли: отправителей 1, получателей 0, достижим из 7 seed. Граница обхода; исходящие неполны."
100000004502048100,peripheral,0.0,43,0.5147824136384028,"Недостаточно признаков роли: отправителей 1, получателей 0, достижим из 7 seed. Граница обхода; исходящие неполны."
100000004508696100,peripheral,0.0,19,0.7100717810677433,"Недостаточно признаков роли: отправителей 1, получателей 3, достижим из 7 seed."
100000004509286100,terminal,0.6535207011181625,2,0.5935172723194257,Гипотеза конечного получателя: вход 40000 KZT от 1; исходящих 0; глубина 1. Только в пределах выгрузки.
100000004526651100,peripheral,0.0,4,0.5818079856437864,"Недостаточно признаков роли: отправителей 1, получателей 0, достижим из 8 seed. Граница обхода; исходящие неполны."
100000004527381100,peripheral,0.0,3,0.7430910722296994,"Недостаточно признаков роли: отправителей 1, получателей 1, достижим из 7 seed."
100000004539443100,terminal,0.7432154729525536,2,0.6577613279497532,Гипотеза конечного получателя: вход 61990 KZT от 2; исходящих 0; глубина 3. Только в пределах выгрузки.
100000004544958100,peripheral,0.0,11,0.7172498878420817,"Недостаточно признаков роли: отправителей 1, получателей 2, достижим из 8 seed."
100000004549591100,peripheral,0.0,19,0.6081875280394795,"Недостаточно признаков роли: отправителей 1, получателей 0, достижим из 7 seed. Граница обхода; исходящие неполны."
100000004552204100,peripheral,0.0,41,0.5794302377747869,"Недостаточно признаков роли: отправителей 1, получателей 2, достижим из 8 seed."
100000004553349100,terminal,0.5788153520701118,10,0.49230596680125616,Гипотеза конечного получателя: вход 7755 KZT от 1; исходящих 0; глубина 3. Только в пределах выгрузки.
100000004559194100,terminal,0.7362042913266849,16,0.7155899506505159,Гипотеза конечного получателя: вход 282145 KZT от 1; исходящих 0; глубина 1. Только в пределах выгрузки.
100000004564736100,terminal,0.6017527954064672,29,0.5220502467474204,Гипотеза конечного получателя: вход 15000 KZT от 1; исходящих 0; глубина 3. Только в пределах выгрузки.
100000004569484100,peripheral,0.0,18,0.8352848811126065,"Недостаточно признаков роли: отправителей 2, получателей 4, достижим из 7 seed."
100000004569637100,peripheral,0.0,8,0.4863840287124271,"Недостаточно признаков роли: отправителей 1, получателей 0, достижим из 7 seed. Граница обхода; исходящие неполны."
100000004571634100,peripheral,0.0,11,0.5447958725886047,"Недостаточно признаков роли: отправителей 1, получателей 0, достижим из 8 seed. Граница обхода; исходящие неполны."
100000004573782100,terminal,0.6017527954064672,1,0.24205024674742037,Гипотеза конечного получателя: вход 15000 KZT от 1; исходящих 0; глубина 2. Только в пределах выгрузки.
100000004580202100,peripheral,0.0,29,0.6531852848811126,"Недостаточно признаков роли: отправителей 1, получателей 3, достижим из 7 seed."
100000004580254100,terminal,0.7023269870051375,28,0.6485419470614625,Гипотеза конечного получателя: вход 27940 KZT от 2; исходящих 0; глубина 3. Только в пределах выгрузки.
100000004584730100,peripheral,0.0,49,0.6045536114849708,"Недостаточно признаков роли: отправителей 1, получателей 0, достижим из 7 seed. Граница обхода; исходящие неполны."
100000004586598100,peripheral,0.0,25,0.7544863167339614,"Недостаточно признаков роли: отправителей 1, получателей 0, достижим из 7 seed. Граница обхода; исходящие неполны."
100000004587414100,terminal,0.8,10,0.824315836698071,Гипотеза конечного получателя: вход 533603 KZT от 2; исходящих 0; глубина 3. Только в пределах выгрузки.
100000004588479100,terminal,0.7186158960411,16,0.6897487662628982,Гипотеза конечного получателя: вход 177633 KZT от 1; исходящих 0; глубина 1. Только в пределах выгрузки.
100000004591973100,peripheral,0.0,7,0.6897936294302378,"Недостаточно признаков роли: отправителей 1, получателей 1, достижим из 9 seed."
100000004592467100,terminal,0.5778180719250529,2,0.2113638402871243,Гипотеза конечного получателя: вход 7000 KZT от 1; исходящих 0; глубина 2. Только в пределах выгрузки.
100000004596284100,peripheral,0.0,16,0.5772319425751458,"Недостаточно признаков роли: отправителей 1, получателей 0, достижим из 7 seed. Граница обхода; исходящие неполны."
100000004601193100,peripheral,0.0,11,0.6450650515926424,"Недостаточно признаков роли: отправителей 1, получателей 0, достижим из 8 seed. Граница обхода; исходящие неполны."
100000004603109100,consolidator,0.8744560290117861,21,0.6164019739793629,Признаки консолидации: 3 отправителей; вход 2730000 KZT; 2 получателей.
100000004610802100,peripheral,0.0,53,0.70697622252131,"Недостаточно признаков роли: отправителей 1, получателей 0, достижим из 7 seed. Граница обхода; исходящие неполны."
100000004611571100,terminal,0.6221517074644908,0,0.5500448631673396,Гипотеза конечного получателя: вход 22550 KZT от 1; исходящих 0; глубина 3. Только в пределах выгрузки.
100000004613582100,peripheral,0.0,1,0.24653656348138178,"Недостаточно признаков роли: отправителей 1, получателей 1, достижим из 1 seed."
100000004616845100,peripheral,0.0,44,0.5451996410946612,"Недостаточно признаков роли: отправителей 1, получателей 0, достижим из 7 seed. Граница обхода; исходящие неполны."
100000004622227100,peripheral,0.0,0,0.709174517720951,"Недостаточно признаков роли: отправителей 1, получателей 3, достижим из 7 seed."
100000004629688100,peripheral,0.0,3,0.5220502467474204,"Недостаточно признаков роли: отправителей 1, получателей 1, достижим из 7 seed."
100000004634420100,terminal,0.63303112722877,22,0.28498429789143115,Гипотеза конечного получателя: вход 26150 KZT от 1; исходящих 0; глубина 3. Только в пределах выгрузки.
100000004635886100,terminal,0.6228770021154427,16,0.5511215791834904,Гипотеза конечного получателя: вход 23000 KZT от 1; исходящих 0; глубина 3. Только в пределах выгрузки.
100000004644615100,peripheral,0.0,18,0.49386720502467474,"Недостаточно признаков роли: отправителей 1, получателей 2, достижим из 1 seed."
100000004652395100,consolidator,0.6459655485040798,0,0.7553611484970839,Признаки консолидации: 3 отправителей; вход 101528 KZT; 0 получателей. Граница обхода; исходящие неполны.
100000004655046100,peripheral,0.0,18,0.5558322117541499,"Недостаточно признаков роли: отправителей 1, получателей 0, достижим из 9 seed. Граница обхода; исходящие неполны."
100000004657034100,terminal,0.7105469930492596,10,0.6773665320771647,Гипотеза конечного получателя: вход 141250 KZT от 1; исходящих 0; глубина 3. Только в пределах выгрузки.
100000004659919100,peripheral,0.0,45,0.694638851502916,"Недостаточно признаков роли: отправителей 1, получателей 1, достижим из 10 seed."
100000004662806100,peripheral,0.0,7,0.7650964558097801,"Недостаточно признаков роли: отправителей 2, получателей 2, достижим из 8 seed."
100000004664515100,terminal,0.6503475370202478,0,0.5896141767608793,Гипотеза конечного получателя: вход 37691 KZT от 1; исходящих 0; глубина 1. Только в пределах выгрузки.
100000004664905100,terminal,0.8,16,0.7525123373710183,Гипотеза конечного получателя: вход 329020 KZT от 2; исходящих 0; глубина 1. Только в пределах выгрузки.
100000004666651100,terminal,0.747355696585071,72,0.734297891431135,Гипотеза конечного получателя: вход 429250 KZT от 1; исходящих 0; глубина 2. Только в пределах выгрузки.
100000004670388100,peripheral,0.0,6,0.7823912068192014,"Недостаточно признаков роли: отправителей 1, получателей 2, достижим из 7 seed."
100000004671609100,terminal,0.6985796313085524,24,0.6602736653207717,Гипотеза конечного получателя: вход 100000 KZT от 1; исходящих 0; глубина 3. Только в пределах выгрузки.
100000004673335100,peripheral,0.0,33,0.6422386720502468,"Недостаточно признаков роли: отправителей 1, получателей 0, достижим из 7 seed. Граница обхода; исходящие неполны."
100000004674178100,peripheral,0.0,13,0.5447958725886047,"Недостаточно признаков роли: отправителей 1, получателей 0, достижим из 7 seed. Граница обхода; исходящие неполны."
100000004674389100,peripheral,0.0,11,0.5220502467474204,"Недостаточно признаков роли: отправителей 1, получателей 0, достижим из 8 seed. Граница обхода; исходящие неполны."
100000004674412100,peripheral,0.0,11,0.6021310004486317,"Недостаточно признаков роли: отправителей 1, получателей 0, достижим из 8 seed. Граница обхода; исходящие неполны."
100000004674799100,terminal,0.7099123602296766,0,0.6764244055630327,Гипотеза конечного получателя: вход 140000 KZT от 1; исходящих 0; глубина 2. Только в пределах выгрузки.
100000004676985100,transit,0.6108878510517035,0,0.6107895917451772,"Признаки транзита: вход 32260, выход 27102 KZT; выход/вход=0.84. Совпадение сумм не доказывает движение тех же денег."
100000004677680100,peripheral,0.0,11,0.7172498878420817,"Недостаточно признаков роли: отправителей 2, получателей 1, достижим из 8 seed."
100000004679953100,coordinator,0.9730820995962315,8,0.9344997756841633,Гипотеза координации: достижим из 7 seed; внешних кластеров 4; отправителей/получателей 3/3.
100000004687099100,terminal,0.6414626775460864,1,0.29723194257514585,Гипотеза конечного получателя: вход 30000 KZT от 1; исходящих 0; глубина 2. Только в пределах выгрузки.
100000004687282100,terminal,0.618343910546993,16,0.5447958725886047,Гипотеза конечного получателя: вход 20000 KZT от 1; исходящих 0; глубина 2. Только в пределах выгрузки.
100000004689658100,peripheral,0.0,8,0.7673171825930911,"Недостаточно признаков роли: отправителей 1, получателей 1, достижим из 7 seed."
100000004691350100,peripheral,0.0,6,0.5142440556303275,"Недостаточно признаков роли: отправителей 1, получателей 0, достижим из 7 seed. Граница обхода; исходящие неполны."
100000004692798100,peripheral,0.0,7,0.4562270076267384,"Недостаточно признаков роли: отправителей 2, получателей 1, достижим из 1 seed."
100000004697956100,transit,0.8227561196736175,1,0.22589950650515928,"Признаки транзита: вход 10000, выход 10000 KZT; выход/вход=1.00. Совпадение сумм не доказывает движение тех же денег."
100000004698193100,peripheral,0.0,1,0.47385823239120684,"Недостаточно признаков роли: отправителей 2, получателей 3, достижим из 1 seed."
100000004707703100,distributor,0.8055475504322767,16,0.8173171825930909,Признаки распределения: 5 получателей; выход 231650 KZT; 2 отправителей.
100000004713684100,terminal,0.6502568751888789,0,0.5894795872588605,Гипотеза конечного получателя: вход 37500 KZT от 1; исходящих 0; глубина 3. Только в пределах выгрузки.
100000004714705100,peripheral,0.0,47,0.23786451323463437,"Недостаточно признаков роли: отправителей 0, получателей 1, достижим из 0 seed. Seed: входящие неполны."
100000004715209100,distributor,0.8219740634005764,48,0.8331987438313144,Признаки распределения: 5 получателей; выход 350450 KZT; 1 отправителей.
100000004717647100,distributor,0.8637608069164265,49,0.8288245850157021,Признаки распределения: 5 получателей; выход 2240000 KZT; 1 отправителей.
100000004722630100,peripheral,0.0,6,0.7247420367877973,"Недостаточно признаков роли: отправителей 1, получателей 0, достижим из 7 seed. Граница обхода; исходящие неполны."
100000004722765100,peripheral,0.0,54,0.8245177209510992,"Недостаточно признаков роли: отправителей 1, получателей 3, достижим из 7 seed."
100000004723755100,peripheral,0.0,2,0.3035441902198295,"Недостаточно признаков роли: отправителей 0, получателей 1, достижим из 0 seed. Seed: входящие неполны."
100000004726132100,peripheral,0.0,0,0.7552041274113952,"Недостаточно признаков роли: отправителей 1, получателей 1, достижим из 7 seed."
100000004732589100,terminal,0.7282260501662133,18,0.4224001794526694,Гипотеза конечного получателя: вход 227520 KZT от 1; исходящих 0; глубина 2. Только в пределах выгрузки.
100000004737477100,transit,0.5896892746790826,0,0.6532750112157918,"Признаки транзита: вход 49598, выход 40500 KZT; выход/вход=0.82. Совпадение сумм не доказывает движение тех же денег."
100000004737764100,terminal,0.7560592323964944,2,0.7485643786451324,Гипотеза конечного получателя: вход 600000 KZT от 1; исходящих 0; глубина 3. Только в пределах выгрузки.
100000004739664100,transit,0.5730547550432277,22,0.2598609241812472,"Признаки транзита: вход 12000, выход 10000 KZT; выход/вход=0.83. Совпадение сумм не доказывает движение тех же денег."
100000004741837100,terminal,0.6313992142641282,16,0.5631000448631673,Гипотеза конечного получателя: вход 25596 KZT от 1; исходящих 0; глубина 1. Только в пределах выгрузки.
100000004744306100,peripheral,0.0,47,0.6952669358456707,"Недостаточно признаков роли: отправителей 1, получателей 2, достижим из 8 seed."
100000004746397100,peripheral,0.0,10,0.7808434275459848,"Недостаточно признаков роли: отправителей 1, получателей 1, достижим из 7 seed."
100000004747154100,peripheral,0.0,48,0.6324136384028712,"Недостаточно признаков роли: отправителей 1, получателей 0, достижим из 7 seed. Граница обхода; исходящие неполны."
100000004750321100,terminal,0.7342399516470233,18,0.6938986092418125,Гипотеза конечного получателя: вход 50185 KZT от 2; исходящих 0; глубина 3. Только в пределах выгрузки.
100000004750897100,terminal,0.5894227863402841,3,0.5058995065051592,Гипотеза конечного получателя: вход 10000 KZT от 1; исходящих 0; глубина 3. Только в пределах выгрузки.
100000004756901100,terminal,0.7138108189785434,16,0.6822117541498429,Гипотеза конечного получателя: вход 153248 KZT от 1; исходящих 0; глубина 2. Только в пределах выгрузки.
100000004759121100,consolidator,0.9910244786944697,0,0.863481381785554,Признаки консолидации: 6 отправителей; вход 710000 KZT; 2 получателей.
100000004765639100,peripheral,0.0,0,0.5375729026469268,"Недостаточно признаков роли: отправителей 1, получателей 2, достижим из 7 seed."
100000004770073100,transit,0.8050007234822109,0,0.5149618663077613,"Признаки транзита: вход 5462, выход 5467 KZT; выход/вход=1.00. Совпадение сумм не доказывает движение тех же денег."
100000004777215100,peripheral,0.0,32,0.6271646478241364,"Недостаточно признаков роли: отправителей 1, получателей 0, достижим из 7 seed. Граница обхода; исходящие неполны."
100000004779204100,peripheral,0.0,0,0.6071556751906684,"Недостаточно признаков роли: отправителей 1, получателей 1, достижим из 7 seed."
100000004780083100,peripheral,0.0,53,0.49742036787797217,"Недостаточно признаков роли: отправителей 1, получателей 0, достижим из 7 seed. Граница обхода; исходящие неполны."
100000004780327100,peripheral,0.0,18,0.23034096007178106,"Недостаточно признаков роли: отправителей 1, получателей 0, достижим из 1 seed. Граница обхода; исходящие неполны."
100000004783447100,terminal,0.63393774554246,22,0.28633019291161954,Гипотеза конечного получателя: вход 26200 KZT от 1; исходящих 0; глубина 1. Только в пределах выгрузки.
100000004784224100,peripheral,0.0,21,0.4097936294302378,"Недостаточно признаков роли: отправителей 1, получателей 1, достижим из 1 seed."
100000004788983100,peripheral,0.0,0,0.568483624943921,"Недостаточно признаков роли: отправителей 1, получателей 0, достижим из 7 seed. Граница обхода; исходящие неполны."
100000004790991100,terminal,0.7307645814445451,16,0.7061686855091969,Гипотеза конечного получателя: вход 239413 KZT от 1; исходящих 0; глубина 1. Только в пределах выгрузки.
100000004791226100,peripheral,0.0,0,0.5447958725886047,"Недостаточно признаков роли: отправителей 1, получателей 0, достижим из 7 seed. Граница обхода; исходящие неполны."
100000004792397100,terminal,0.6834391054699305,22,0.35725886047554956,Гипотеза конечного получателя: вход 73520 KZT от 1; исходящих 0; глубина 1. Только в пределах выгрузки.
100000004797167100,peripheral,0.0,8,0.29857783759533424,"Недостаточно признаков роли: отправителей 1, получателей 0, достижим из 1 seed. Граница обхода; исходящие неполны."
100000004798515100,peripheral,0.0,7,0.6982279048900852,"Недостаточно признаков роли: отправителей 1, получателей 0, достижим из 7 seed. Граница обхода; исходящие неполны."
100000004800452100,peripheral,0.0,10,0.4894795872588605,"Недостаточно признаков роли: отправителей 1, получателей 0, достижим из 7 seed. Граница обхода; исходящие неполны."
100000004800648100,peripheral,0.0,7,0.6725213100044863,"Недостаточно признаков роли: отправителей 1, получателей 0, достижим из 7 seed. Граница обхода; исходящие неполны."
100000004806903100,terminal,0.6112722877002116,2,0.5355091969493047,Гипотеза конечного получателя: вход 18000 KZT от 1; исходящих 0; глубина 2. Только в пределах выгрузки.
100000004813068100,peripheral,0.0,21,0.4129654553611485,"Недостаточно признаков роли: отправителей 0, получателей 3, достижим из 0 seed. Seed: входящие неполны."
100000004816564100,peripheral,0.0,3,0.7455136832660385,"Недостаточно признаков роли: отправителей 1, получателей 1, достижим из 7 seed."
100000004820260100,transit,0.8083764830670109,3,0.7484297891431134,"Признаки транзита: вход 234200, выход 215350 KZT; выход/вход=0.92. Совпадение сумм не доказывает движение тех же денег."
100000004825069100,terminal,0.6414626775460864,22,0.29723194257514585,Гипотеза конечного получателя: вход 30000 KZT от 1; исходящих 0; глубина 2. Только в пределах выгрузки.
100000004840086100,peripheral,0.0,0,0.6602736653207717,"Недостаточно признаков роли: отправителей 1, получателей 0, достижим из 7 seed. Граница обхода; исходящие неполны."
100000004841728100,terminal,0.6693865216077365,22,0.3368012561686855,Гипотеза конечного получателя: вход 52208 KZT от 1; исходящих 0; глубина 1. Только в пределах выгрузки.
100000004847758100,coordinator,0.9808209959623149,2,0.9584118438761775,Гипотеза координации: достижим из 7 seed; внешних кластеров 5; отправителей/получателей 4/15.
100000004848236100,peripheral,0.0,0,0.4919021982951996,"Недостаточно признаков роли: отправителей 1, получателей 0, достижим из 7 seed. Граница обхода; исходящие неполны."
100000004850609100,peripheral,0.0,0,0.5058995065051592,"Недостаточно признаков роли: отправителей 1, получателей 0, достижим из 7 seed. Граница обхода; исходящие неполны."
100000004856746100,peripheral,0.0,59,0.5447958725886047,"Недостаточно признаков роли: отправителей 1, получателей 0, достижим из 7 seed. Граница обхода; исходящие неполны."
100000004877085100,peripheral,0.0,12,0.7060789591745178,"Недостаточно признаков роли: отправителей 1, получателей 3, достижим из 7 seed."
100000004889043100,terminal,0.8,0,0.7928218932256618,Гипотеза конечного получателя: вход 272000 KZT от 2; исходящих 0; глубина 3. Только в пределах выгрузки.
100000004890713100,peripheral,0.0,18,0.5941902198295199,"Недостаточно признаков роли: отправителей 1, получателей 0, достижим из 7 seed. Граница обхода; исходящие неполны."
100000004891562100,peripheral,0.0,18,0.38148497083894123,"Недостаточно признаков роли: отправителей 1, получателей 0, достижим из 1 seed. Граница обхода; исходящие неполны."
100000004892144100,peripheral,0.0,21,0.5967519066846119,"Недостаточно признаков роли: отправителей 2, получателей 1, достижим из 2 seed."
100000004904960100,terminal,0.7107585373224539,0,0.6106550022431583,Гипотеза конечного получателя: вход 32000 KZT от 2; исходящих 0; глубина 2. Только в пределах выгрузки.
100000004905207100,terminal,0.7441825324871563,40,0.7297218483624943,Гипотеза конечного получателя: вход 380000 KZT от 1; исходящих 0; глубина 2. Только в пределах выгрузки.
100000004906181100,distributor,0.9160662824207494,20,0.886630776132795,Признаки распределения: 7 получателей; выход 2473418 KZT; 1 отправителей.
100000004908173100,peripheral,0.0,42,0.5472184836249439,"Недостаточно признаков роли: отправителей 1, получателей 0, достижим из 8 seed. Граница обхода; исходящие неполны."
100000004911971100,peripheral,0.0,20,0.5861148497083895,"Недостаточно признаков роли: отправителей 1, получателей 0, достижим из 7 seed. Граница обхода; исходящие неполны."
100000004917367100,terminal,0.7716832880024176,10,0.7488111260655003,Гипотеза конечного получателя: вход 120000 KZT от 2; исходящих 0; глубина 3. Только в пределах выгрузки.
100000004921657100,peripheral,0.0,2,0.578488111260655,"Недостаточно признаков роли: отправителей 1, получателей 1, достижим из 10 seed."
100000004931931100,peripheral,0.0,0,0.630574248541947,"Недостаточно признаков роли: отправителей 1, получателей 1, достижим из 7 seed."
100000004948177100,consolidator,0.8562330009066184,16,0.7797891431135038,Признаки консолидации: 3 отправителей; вход 437163 KZT; 0 получателей.
100000004950490100,terminal,0.5894227863402841,1,0.22589950650515928,Гипотеза конечного получателя: вход 10000 KZT от 1; исходящих 0; глубина 2. Только в пределах выгрузки.
100000004959752100,terminal,0.6217890601390148,8,0.5495065051592642,Гипотеза конечного получателя: вход 22200 KZT от 1; исходящих 0; глубина 3. Только в пределах выгрузки.
100000004962193100,consolidator,0.9941069809610155,0,0.9215567519066845,Признаки консолидации: 8 отправителей; вход 900468 KZT; 0 получателей.
100000004970752100,terminal,0.5894227863402841,0,0.5058995065051592,Гипотеза конечного получателя: вход 10000 KZT от 1; исходящих 0; глубина 3. Только в пределах выгрузки.
100000004971871100,peripheral,0.0,50,0.2126962763571108,"Недостаточно признаков роли: отправителей 1, получателей 1, достижим из 0 seed. Seed: входящие неполны."
100000004975919100,peripheral,0.0,8,0.5940556303275011,"Недостаточно признаков роли: отправителей 1, получателей 2, достижим из 7 seed."
100000004976946100,peripheral,0.0,62,0.7077837595334231,"Недостаточно признаков роли: отправителей 1, получателей 0, достижим из 7 seed. Граница обхода; исходящие неполны."
100000004979264100,peripheral,0.0,42,0.591633019291162,"Недостаточно признаков роли: отправителей 1, получателей 0, достижим из 8 seed. Граница обхода; исходящие неполны."
100000004979283100,terminal,0.6537020247809006,18,0.5937864513234634,Гипотеза конечного получателя: вход 40132 KZT от 1; исходящих 0; глубина 3. Только в пределах выгрузки.
100000004979498100,peripheral,0.0,55,0.5014490803050695,"Недостаточно признаков роли: отправителей 1, получателей 1, достижим из 1 seed."
100000004981068100,peripheral,0.0,8,0.5058995065051592,"Недостаточно признаков роли: отправителей 1, получателей 0, достижим из 7 seed. Граница обхода; исходящие неполны."
100000004984689100,terminal,0.6704744635841644,8,0.6182817406908927,Гипотеза конечного получателя: вход 53030 KZT от 1; исходящих 0; глубина 3. Только в пределах выгрузки.
100000004988240100,peripheral,0.0,0,0.5447958725886047,"Недостаточно признаков роли: отправителей 1, получателей 0, достижим из 7 seed. Граница обхода; исходящие неполны."
100000004991593100,peripheral,0.0,8,0.6010542844324809,"Недостаточно признаков роли: отправителей 1, получателей 0, достижим из 7 seed. Граница обхода; исходящие неполны."
100000004991812100,terminal,0.5894227863402841,29,0.5058995065051592,Гипотеза конечного получателя: вход 10000 KZT от 1; исходящих 0; глубина 3. Только в пределах выгрузки.
100000004993576100,terminal,0.7168026594137201,3,0.6870569762225213,Гипотеза конечного получателя: вход 167000 KZT от 1; исходящих 0; глубина 2. Только в пределах выгрузки.
100000004997515100,coordinator,0.9012449528936742,4,0.8945042620008972,Гипотеза координации: достижим из 9 seed; внешних кластеров 2; отправителей/получателей 4/4.
100000005008589100,terminal,0.6557872469023874,0,0.596747420367878,Гипотеза конечного получателя: вход 42807 KZT от 1; исходящих 0; глубина 3. Только в пределах выгрузки.
100000005010159100,peripheral,0.0,8,0.4914984297891431,"Недостаточно признаков роли: отправителей 1, получателей 0, достижим из 7 seed. Граница обхода; исходящие неполны."
100000005017150100,peripheral,0.0,73,0.0,"Недостаточно признаков роли: отправителей 0, получателей 0, достижим из 0 seed. Seed: входящие неполны."
100000005022552100,peripheral,0.0,16,0.7364961866307761,"Недостаточно признаков роли: отправителей 1, получателей 1, достижим из 7 seed."
100000005022964100,terminal,0.618343910546993,2,0.5447958725886047,Гипотеза конечного получателя: вход 20000 KZT от 1; исходящих 0; глубина 2. Только в пределах выгрузки.
100000005025629100,peripheral,0.0,10,0.48436518618214447,"Недостаточно признаков роли: отправителей 1, получателей 0, достижим из 7 seed. Граница обхода; исходящие неполны."
100000005030592100,terminal,0.5894227863402841,3,0.5058995065051592,Гипотеза конечного получателя: вход 10000 KZT от 1; исходящих 0; глубина 2. Только в пределах выгрузки.
100000005031696100,peripheral,0.0,45,0.7615522655899506,"Недостаточно признаков роли: отправителей 1, получателей 2, достижим из 10 seed."
100000005032294100,terminal,0.5894227863402841,40,0.5058995065051592,Гипотеза конечного получателя: вход 10000 KZT от 1; исходящих 0; глубина 2. Только в пределах выгрузки.
100000005034574100,terminal,0.733212450891508,71,0.430340960071781,Гипотеза конечного получателя: вход 258816 KZT от 1; исходящих 0; глубина 1. Только в пределах выгрузки.
100000005037490100,peripheral,0.0,12,0.6067519066846119,"Недостаточно признаков роли: отправителей 1, получателей 2, достижим из 7 seed."
100000005041147100,peripheral,0.0,0,0.5058995065051592,"Недостаточно признаков роли: отправителей 1, получателей 0, достижим из 7 seed. Граница обхода; исходящие неполны."
100000005041905100,peripheral,0.0,22,0.4813503813369224,"Недостаточно признаков роли: отправителей 1, получателей 1, достижим из 1 seed."
100000005042822100,peripheral,0.0,36,0.7601390758187527,"Недостаточно признаков роли: отправителей 1, получателей 0, достижим из 7 seed. Граница обхода; исходящие неполны."
100000005048668100,distributor,0.8687319884726225,8,0.8975773889636608,Признаки распределения: 8 получателей; выход 159400 KZT; 2 отправителей.
100000005049404100,peripheral,0.0,10,0.6551592642440556,"Недостаточно признаков роли: отправителей 1, получателей 0, достижим из 7 seed. Граница обхода; исходящие неполны."
100000005052998100,peripheral,0.0,0,0.5998878420816509,"Недостаточно признаков роли: отправителей 1, получателей 1, достижим из 7 seed."
100000005053653100,peripheral,0.0,12,0.7233288470165994,"Недостаточно признаков роли: отправителей 2, получателей 1, достижим из 7 seed."
100000005055454100,terminal,0.576095497129042,27,0.20934499775684165,Гипотеза конечного получателя: вход 6500 KZT от 1; исходящих 0; глубина 3. Только в пределах выгрузки.
100000005056870100,terminal,0.618343910546993,52,0.26479587258860476,Гипотеза конечного получателя: вход 20000 KZT от 1; исходящих 0; глубина 1. Только в пределах выгрузки.
100000005059998100,terminal,0.6112722877002116,0,0.5355091969493047,Гипотеза конечного получателя: вход 18000 KZT от 1; исходящих 0; глубина 2. Только в пределах выгрузки.
100000005061890100,terminal,0.6915986702931399,2,0.6497756841633019,Гипотеза конечного получателя: вход 90000 KZT от 1; исходящих 0; глубина 3. Только в пределах выгрузки.
100000005074393100,distributor,0.8654178674351586,12,0.8641543292956483,Признаки распределения: 6 получателей; выход 685500 KZT; 4 отправителей.
100000005075949100,peripheral,0.0,54,0.771982951996411,"Недостаточно признаков роли: отправителей 1, получателей 0, достижим из 7 seed. Граница обхода; исходящие неполны."
100000005077484100,peripheral,0.0,27,0.4305204127411395,"Недостаточно признаков роли: отправителей 1, получателей 2, достижим из 1 seed."
100000005079473100,peripheral,0.0,8,0.5910946612830865,"Недостаточно признаков роли: отправителей 1, получателей 0, достижим из 7 seed. Граница обхода; исходящие неполны."
100000005079754100,peripheral,0.0,2,0.7142440556303274,"Недостаточно признаков роли: отправителей 1, получателей 2, достижим из 10 seed."
100000005082652100,terminal,0.6414626775460864,1,0.29723194257514585,Гипотеза конечного получателя: вход 30000 KZT от 1; исходящих 0; глубина 3. Только в пределах выгрузки.
100000005087431100,peripheral,0.0,74,0.0,"Недостаточно признаков роли: отправителей 0, получателей 0, достижим из 0 seed. Seed: входящие неполны."
100000005087923100,peripheral,0.0,46,0.26479587258860476,"Недостаточно признаков роли: отправителей 1, получателей 0, достижим из 1 seed. Граница обхода; исходящие неполны."
100000005089460100,terminal,0.5937745542459958,22,0.23141767608793182,Гипотеза конечного получателя: вход 12300 KZT от 1; исходящих 0; глубина 3. Только в пределах выгрузки.
100000005092518100,terminal,0.6324871562405561,22,0.2841767608793181,Гипотеза конечного получателя: вход 26144 KZT от 1; исходящих 0; глубина 1. Только в пределах выгрузки.
100000005093521100,terminal,0.6019341190692051,2,0.5223194257514581,Гипотеза конечного получателя: вход 15200 KZT от 1; исходящих 0; глубина 1. Только в пределах выгрузки.
100000005100475100,terminal,0.6535207011181625,1,0.3135172723194258,Гипотеза конечного получателя: вход 40000 KZT от 1; исходящих 0; глубина 3. Только в пределах выгрузки.
100000005105153100,terminal,0.6414626775460864,0,0.5772319425751458,Гипотеза конечного получателя: вход 30000 KZT от 1; исходящих 0; глубина 2. Только в пределах выгрузки.
100000005124479100,peripheral,0.0,0,0.7769403319874383,"Недостаточно признаков роли: отправителей 2, получателей 2, достижим из 10 seed."
100000005127767100,terminal,0.5778180719250529,19,0.49136384028712426,Гипотеза конечного получателя: вход 7000 KZT от 1; исходящих 0; глубина 3. Только в пределах выгрузки.
100000005133757100,terminal,0.7453913569054095,8,0.7104531179901301,Гипотеза конечного получателя: вход 65000 KZT от 2; исходящих 0; глубина 1. Только в пределах выгрузки.
100000005140601100,consolidator,0.7781731640979148,8,0.7891431135038134,Признаки консолидации: 3 отправителей; вход 52685 KZT; 2 получателей.
100000005142492100,peripheral,0.0,1,0.6235307312696277,"Недостаточно признаков роли: отправителей 1, получателей 1, достижим из 7 seed."
100000005142589100,terminal,0.6673919613176186,0,0.6139748766262898,Гипотеза конечного получателя: вход 50000 KZT от 1; исходящих 0; глубина 2. Только в пределах выгрузки.
100000005146665100,peripheral,0.0,44,0.4863840287124271,"Недостаточно признаков роли: отправителей 1, получателей 0, достижим из 7 seed. Граница обхода; исходящие неполны."
100000005168487100,peripheral,0.0,11,0.66161956034096,"Недостаточно признаков роли: отправителей 1, получателей 1, достижим из 8 seed."
100000005171642100,transit,0.9367140687606084,46,0.5007761327949753,"Признаки транзита: вход 696800, выход 683600 KZT; выход/вход=0.98. Совпадение сумм не доказывает движение тех же денег."
100000005172860100,terminal,0.6020247809005742,0,0.5224540152534769,Гипотеза конечного получателя: вход 15209 KZT от 1; исходящих 0; глубина 3. Только в пределах выгрузки.
100000005175148100,peripheral,0.0,3,0.6708165096455809,"Недостаточно признаков роли: отправителей 2, получателей 1, достижим из 7 seed."
100000005182219100,terminal,0.7394076760350559,10,0.7015702108568865,Гипотеза конечного получателя: вход 55000 KZT от 2; исходящих 0; глубина 3. Только в пределах выгрузки.
100000005183943100,terminal,0.7570565125415534,23,0.4708524001794527,Гипотеза конечного получателя: вход 680900 KZT от 1; исходящих 0; глубина 1. Только в пределах выгрузки.
100000005186109100,terminal,0.5717437292233303,3,0.4835576491700314,Гипотеза конечного получателя: вход 5000 KZT от 1; исходящих 0; глубина 3. Только в пределах выгрузки.
100000005186131100,transit,0.8227561196736175,0,0.5354194706146254,"Признаки транзита: вход 10000, выход 10000 KZT; выход/вход=1.00. Совпадение сумм не доказывает движение тех же денег."
100000005187208100,terminal,0.5977636748262315,10,0.5165320771646478,Гипотеза конечного получателя: вход 14160 KZT от 1; исходящих 0; глубина 3. Только в пределах выгрузки.
100000005189258100,peripheral,0.0,10,0.6139748766262898,"Недостаточно признаков роли: отправителей 1, получателей 0, достижим из 7 seed. Граница обхода; исходящие неполны."
100000005198498100,terminal,0.6369295859776367,22,0.29104082548227905,Гипотеза конечного получателя: вход 28800 KZT от 1; исходящих 0; глубина 3. Только в пределах выгрузки.
100000005198906100,peripheral,0.0,10,0.7320547330641543,"Недостаточно признаков роли: отправителей 1, получателей 1, достижим из 7 seed."
100000005203590100,terminal,0.6915986702931399,1,0.369775684163302,Гипотеза конечного получателя: вход 90000 KZT от 1; исходящих 0; глубина 2. Только в пределах выгрузки.
100000005205745100,terminal,0.5751888788153521,1,0.48813369223867203,Гипотеза конечного получателя: вход 6000 KZT от 1; исходящих 0; глубина 2. Только в пределах выгрузки.
100000005209352100,peripheral,0.0,0,0.4835576491700314,"Недостаточно признаков роли: отправителей 1, получателей 0, достижим из 7 seed. Граница обхода; исходящие неполны."
100000005222360100,peripheral,0.0,40,0.6480035890533872,"Недостаточно признаков роли: отправителей 1, получателей 1, достижим из 7 seed."
100000005226217100,peripheral,0.0,4,0.5312023328847016,"Недостаточно признаков роли: отправителей 1, получателей 0, достижим из 9 seed. Граница обхода; исходящие неполны."
100000005228059100,terminal,0.6322151707464491,22,0.2837729923732616,Гипотеза конечного получателя: вход 26000 KZT от 1; исходящих 0; глубина 1. Только в пределах выгрузки.
100000005233755100,peripheral,0.0,28,0.591274113952445,"Недостаточно признаков роли: отправителей 1, получателей 1, достижим из 7 seed."
100000005235389100,peripheral,0.0,75,0.0,"Недостаточно признаков роли: отправителей 0, получателей 0, достижим из 0 seed. Seed: входящие неполны."
100000005237935150,terminal,0.646267754608643,24,0.3039614176760879,Гипотеза конечного получателя: вход 34508 KZT от 1; исходящих 0; глубина 2. Только в пределах выгрузки.
100000005241556100,terminal,0.6985796313085524,35,0.6602736653207717,Гипотеза конечного получателя: вход 100000 KZT от 1; исходящих 0; глубина 3. Только в пределах выгрузки.
100000005242320100,distributor,0.9991354466858791,24,0.6872633467922835,Признаки распределения: 21 получателей; выход 8936295 KZT; 2 отправителей.
100000005264874100,peripheral,0.0,26,0.39054733064154323,"Недостаточно признаков роли: отправителей 1, получателей 2, достижим из 1 seed."
100000005264990100,peripheral,0.0,47,0.7142440556303274,"Недостаточно признаков роли: отправителей 1, получателей 2, достижим из 7 seed. Seed: входящие неполны."
100000005265073100,peripheral,0.0,47,0.5257290264692687,"Недостаточно признаков роли: отправителей 1, получателей 1, достижим из 8 seed."
100000005268319100,distributor,0.7755763688760807,0,0.7570210856886497,Признаки распределения: 5 получателей; выход 91000 KZT; 1 отправителей.
100000005272139100,peripheral,0.0,16,0.6862494392104083,"Недостаточно признаков роли: отправителей 1, получателей 0, достижим из 7 seed. Граница обхода; исходящие неполны."
100000005287097100,coordinator,0.911271870794078,16,0.9152759084791386,Гипотеза координации: достижим из 7 seed; внешних кластеров 2; отправителей/получателей 2/9.
100000005293969100,peripheral,0.0,0,0.4854419021982952,"Недостаточно признаков роли: отправителей 1, получателей 0, достижим из 7 seed. Граница обхода; исходящие неполны."
100000005308954100,peripheral,0.0,16,0.6623373710183939,"Недостаточно признаков роли: отправителей 1, получателей 1, достижим из 7 seed."
100000005314565100,terminal,0.7273194318525235,0,0.7011888739344998,Гипотеза конечного получателя: вход 218500 KZT от 1; исходящих 0; глубина 3. Только в пределах выгрузки.
100000005316708100,peripheral,0.0,1,0.47462090623598024,"Недостаточно признаков роли: отправителей 1, получателей 2, достижим из 1 seed."
100000005317181100,peripheral,0.0,0,0.7068864961866308,"Недостаточно признаков роли: отправителей 1, получателей 1, достижим из 7 seed."
100000005326681100,terminal,0.6429132668479903,3,0.5792507851054284,Гипотеза конечного получателя: вход 31228 KZT от 1; исходящих 0; глубина 2. Только в пределах выгрузки.
100000005328215100,terminal,0.6353883348443639,18,0.28848362494392105,Гипотеза конечного получателя: вход 27000 KZT от 1; исходящих 0; глубина 2. Только в пределах выгрузки.
100000005339662100,coordinator,0.8943808882907133,3,0.8770973530731269,Гипотеза координации: достижим из 7 seed; внешних кластеров 2; отправителей/получателей 4/4.
100000005342513100,peripheral,0.0,22,0.42455361148497084,"Недостаточно признаков роли: отправителей 1, получателей 1, достижим из 1 seed."
100000005357034100,terminal,0.5827138108189786,0,0.49728577837595334,Гипотеза конечного получателя: вход 9754 KZT от 1; исходящих 0; глубина 3. Только в пределах выгрузки.
100000005357705100,peripheral,0.0,8,0.7872364288918797,"Недостаточно признаков роли: отправителей 1, получателей 4, достижим из 7 seed."
100000005360814100,peripheral,0.0,8,0.6783086585912965,"Недостаточно признаков роли: отправителей 1, получателей 0, достижим из 7 seed. Граница обхода; исходящие неполны."
100000005362848100,terminal,0.6375642187972197,18,0.5719829519964109,Гипотеза конечного получателя: вход 29000 KZT от 1; исходящих 0; глубина 3. Только в пределах выгрузки.
100000005363908100,transit,0.8371757925072046,68,0.2874517720951099,"Признаки транзита: вход 19500, выход 19500 KZT; выход/вход=1.00. Совпадение сумм не доказывает движение тех же денег."
100000005367180100,peripheral,0.0,8,0.4921713772992373,"Недостаточно признаков роли: отправителей 1, получателей 0, достижим из 7 seed. Граница обхода; исходящие неполны."
100000005367284100,peripheral,0.0,0,0.6509869896814715,"Недостаточно признаков роли: отправителей 1, получателей 2, достижим из 7 seed."
100000005367445100,transit,0.8050770625566637,42,0.4835576491700314,"Признаки транзита: вход 5000, выход 5000 KZT; выход/вход=1.00. Совпадение сумм не доказывает движение тех же денег."
100000005370558100,peripheral,0.0,0,0.4835576491700314,"Недостаточно признаков роли: отправителей 1, получателей 0, достижим из 7 seed. Граница обхода; исходящие неполны."
100000005370580100,peripheral,0.0,12,0.5563705697622252,"Недостаточно признаков роли: отправителей 1, получателей 0, достижим из 7 seed. Seed: входящие неполны."
100000005375968100,peripheral,0.0,0,0.733355764917003,"Недостаточно признаков роли: отправителей 1, получателей 2, достижим из 7 seed."
100000005382566100,consolidator,0.8316591115140526,47,0.8423508299685957,Признаки консолидации: 7 отправителей; вход 393066 KZT; 1 получателей. Seed: входящие неполны.
100000005386383100,peripheral,0.0,47,0.7338941229250786,"Недостаточно признаков роли: отправителей 2, получателей 1, достижим из 7 seed. Seed: входящие неполны."
100000005392290100,peripheral,0.0,65,0.2931807985643786,"Недостаточно признаков роли: отправителей 0, получателей 1, достижим из 0 seed. Seed: входящие неполны."
100000005394708100,peripheral,0.0,47,0.38045311799013004,"Недостаточно признаков роли: отправителей 1, получателей 1, достижим из 1 seed."
100000005395727100,peripheral,0.0,3,0.5289143113503814,"Недостаточно признаков роли: отправителей 1, получателей 0, достижим из 7 seed. Seed: входящие неполны."
100000005402643100,peripheral,0.0,4,0.4208299685957828,"Недостаточно признаков роли: отправителей 1, получателей 1, достижим из 1 seed."
100000005409156100,terminal,0.8,10,0.7401301031852848,Гипотеза конечного получателя: вход 260080 KZT от 2; исходящих 0; глубина 3. Только в пределах выгрузки.
100000005409680100,peripheral,0.0,43,0.7017048003589054,"Недостаточно признаков роли: отправителей 2, получателей 0, достижим из 9 seed. Seed: входящие неполны."
100000005413948100,peripheral,0.0,42,0.5993494840735756,"Недостаточно признаков роли: отправителей 2, получателей 1, достижим из 9 seed."
100000005417257100,peripheral,0.0,47,0.3423508299685958,"Недостаточно признаков роли: отправителей 0, получателей 2, достижим из 0 seed. Seed: входящие неполны."
100000005432267100,terminal,0.8,2,0.8058770749214894,Гипотеза конечного получателя: вход 350001 KZT от 2; исходящих 0; глубина 1. Только в пределах выгрузки.
100000005454368100,peripheral,0.0,12,0.6868999551368327,"Недостаточно признаков роли: отправителей 2, получателей 0, достижим из 7 seed. Seed: входящие неполны."
100000005456919100,peripheral,0.0,9,0.4887976671152983,"Недостаточно признаков роли: отправителей 2, получателей 1, достижим из 1 seed."
100000005473151100,coordinator,0.917193808882907,18,0.9227231942575145,Гипотеза координации: достижим из 9 seed; внешних кластеров 2; отправителей/получателей 3/4.
100000005474472100,terminal,0.6985796313085524,21,0.38027366532077167,Гипотеза конечного получателя: вход 100000 KZT от 1; исходящих 0; глубина 2. Только в пределах выгрузки.
100000005475379100,peripheral,0.0,11,0.7156348138178555,"Недостаточно признаков роли: отправителей 1, получателей 3, достижим из 8 seed."
100000005480435100,peripheral,0.0,76,0.0,"Недостаточно признаков роли: отправителей 0, получателей 0, достижим из 0 seed. Seed: входящие неполны."
100000005481280100,peripheral,0.0,3,0.7161058770749215,"Недостаточно признаков роли: отправителей 1, получателей 3, достижим из 7 seed."
100000005485830100,distributor,0.6896145533141211,52,0.420816509645581,Признаки распределения: 5 получателей; выход 275885 KZT; 0 отправителей. Seed: входящие неполны.
100000005493505100,consolidator,0.6672268812330009,12,0.7227904890085239,Признаки консолидации: 3 отправителей; вход 62020 KZT; 0 получателей. Seed: входящие неполны.
100000005495211100,peripheral,0.0,0,0.517205024674742,"Недостаточно признаков роли: отправителей 1, получателей 0, достижим из 7 seed. Граница обхода; исходящие неполны."
100000005495722100,peripheral,0.0,77,0.0,"Недостаточно признаков роли: отправителей 0, получателей 0, достижим из 0 seed. Seed: входящие неполны."
100000005496254100,terminal,0.5943185252342097,0,0.5122252131000449,Гипотеза конечного получателя: вход 12700 KZT от 1; исходящих 0; глубина 1. Только в пределах выгрузки.
100000005497148100,peripheral,0.0,10,0.5558322117541499,"Недостаточно признаков роли: отправителей 1, получателей 0, достижим из 7 seed. Граница обхода; исходящие неполны."
100000005498992100,distributor,0.8406916426512968,4,0.639995513683266,Признаки распределения: 16 получателей; выход 2262868 KZT; 0 отправителей. Seed: входящие неполны.
100000005505655100,peripheral,0.0,13,0.6614625392552714,"Недостаточно признаков роли: отправителей 2, получателей 1, достижим из 7 seed."
100000005507142100,peripheral,0.0,26,0.48240466576940333,"Недостаточно признаков роли: отправителей 3, получателей 3, достижим из 1 seed."
100000005514161100,consolidator,0.8960864309459051,1,0.8889860924181248,Признаки консолидации: 4 отправителей; вход 401500 KZT; 1 получателей.
100000005519347100,peripheral,0.0,16,0.6998429789143112,"Недостаточно признаков роли: отправителей 2, получателей 1, достижим из 9 seed. Seed: входящие неполны."
100000005519998100,transit,0.8761978655350411,59,0.7448407357559443,"Признаки транзита: вход 182000, выход 188000 KZT; выход/вход=1.03. Совпадение сумм не доказывает движение тех же денег."
100000005523088100,peripheral,0.0,47,0.7519291161956034,"Недостаточно признаков роли: отправителей 1, получателей 0, достижим из 15 seed. Seed: входящие неполны."
100000005527892100,coordinator,0.9835127860026918,35,0.9614625392552714,Гипотеза координации: достижим из 8 seed; внешних кластеров 5; отправителей/получателей 3/8.
100000005530114100,peripheral,0.0,28,0.7686855091969493,"Недостаточно признаков роли: отправителей 2, получателей 1, достижим из 7 seed."
100000005532138100,terminal,0.6306739196131762,1,0.5618887393449977,Гипотеза конечного получателя: вход 25046 KZT от 1; исходящих 0; глубина 3. Только в пределах выгрузки.
100000005539201100,peripheral,0.0,16,0.6309780170480036,"Недостаточно признаков роли: отправителей 1, получателей 1, достижим из 7 seed."
100000005539910100,peripheral,0.0,2,0.7054957379991027,"Недостаточно признаков роли: отправителей 1, получателей 2, достижим из 10 seed."
100000005543136100,peripheral,0.0,12,0.15589950650515927,"Недостаточно признаков роли: отправителей 0, получателей 1, достижим из 0 seed. Seed: входящие неполны."
100000005546031100,consolidator,0.7877833182230282,68,0.3966935845670704,Признаки консолидации: 3 отправителей; вход 66800 KZT; 1 получателей.
100000005547096100,peripheral,0.0,68,0.45178555406011667,"Недостаточно признаков роли: отправителей 1, получателей 2, достижим из 1 seed."
100000005550592100,peripheral,0.0,78,0.0,"Недостаточно признаков роли: отправителей 0, получателей 0, достижим из 0 seed. Seed: входящие неполны."
100000005553088100,peripheral,0.0,8,0.5312023328847016,"Недостаточно признаков роли: отправителей 1, получателей 0, достижим из 7 seed. Граница обхода; исходящие неполны."
100000005560900100,peripheral,0.0,79,0.0,"Недостаточно признаков роли: отправителей 0, получателей 0, достижим из 0 seed. Seed: входящие неполны."
100000005561741100,terminal,0.6305832577818071,18,0.5617541498429789,Гипотеза конечного получателя: вход 25000 KZT от 1; исходящих 0; глубина 2. Только в пределах выгрузки.
100000005567828100,peripheral,0.0,18,0.6520637056976222,"Недостаточно признаков роли: отправителей 1, получателей 0, достижим из 7 seed. Граница обхода; исходящие неполны."
100000005568407100,peripheral,0.0,80,0.0,"Недостаточно признаков роли: отправителей 0, получателей 0, достижим из 0 seed. Seed: входящие неполны."
100000005572303100,peripheral,0.0,16,0.6678555406011664,"Недостаточно признаков роли: отправителей 1, получателей 1, достижим из 7 seed."
100000005578559100,coordinator,0.952136608344549,18,0.9769403319874382,Гипотеза координации: достижим из 7 seed; внешних кластеров 3; отправителей/получателей 2/21.
100000005584222100,peripheral,0.0,0,0.7384701659937192,"Недостаточно признаков роли: отправителей 2, получателей 2, достижим из 7 seed."
100000005588444100,terminal,0.5937745542459958,1,0.23141767608793182,Гипотеза конечного получателя: вход 12300 KZT от 1; исходящих 0; глубина 1. Только в пределах выгрузки.
100000005589319100,peripheral,0.0,2,0.5637729923732615,"Недостаточно признаков роли: отправителей 1, получателей 0, достижим из 7 seed. Граница обхода; исходящие неполны."
100000005602999100,peripheral,0.0,11,0.5560116644235082,"Недостаточно признаков роли: отправителей 1, получателей 2, достижим из 8 seed."
100000005608515100,terminal,0.6776367482623149,1,0.3494526693584567,Гипотеза конечного получателя: вход 64000 KZT от 1; исходящих 0; глубина 2. Только в пределах выгрузки.
100000005610717100,consolidator,0.9006195225143548,0,0.8466576940331987,Признаки консолидации: 4 отправителей; вход 484500 KZT; 1 получателей.
100000005612411100,distributor,0.9073487031700288,2,0.858366980708838,Признаки распределения: 8 получателей; выход 506997 KZT; 3 отправителей.
100000005614315100,terminal,0.7490782713810819,16,0.7372588604755496,Гипотеза конечного получателя: вход 455000 KZT от 1; исходящих 0; глубина 2. Только в пределах выгрузки.
100000005616568100,peripheral,0.0,10,0.7446612830865859,"Недостаточно признаков роли: отправителей 1, получателей 0, достижим из 7 seed. Граница обхода; исходящие неполны."
100000005619339100,transit,0.6722970625566633,16,0.5646926873037237,"Признаки транзита: вход 5000, выход 5443 KZT; выход/вход=1.09. Совпадение сумм не доказывает движение тех же денег."
100000005620225100,terminal,0.7306134783922635,0,0.6387842081650964,Гипотеза конечного получателя: вход 49846 KZT от 2; исходящих 0; глубина 1. Только в пределах выгрузки.
100000005621418100,peripheral,0.0,14,0.5772319425751458,"Недостаточно признаков роли: отправителей 1, получателей 0, достижим из 7 seed. Граница обхода; исходящие неполны."
100000005628518100,terminal,0.6857056512541553,43,0.6407581875280395,Гипотеза конечного получателя: вход 77000 KZT от 1; исходящих 0; глубина 3. Только в пределах выгрузки.
100000005634552100,peripheral,0.0,0,0.865231045311799,"Недостаточно признаков роли: отправителей 1, получателей 3, достижим из 7 seed."
100000005636951100,peripheral,0.0,46,0.3135172723194258,"Недостаточно признаков роли: отправителей 1, получателей 0, достижим из 1 seed. Граница обхода; исходящие неполны."
100000005660203100,peripheral,0.0,16,0.7764692687303723,"Недостаточно признаков роли: отправителей 1, получателей 2, достижим из 7 seed."
100000005661528100,terminal,0.6305832577818071,8,0.5617541498429789,Гипотеза конечного получателя: вход 25000 KZT от 1; исходящих 0; глубина 3. Только в пределах выгрузки.
100000005661829100,transit,0.7624628139887273,43,0.6884701659937191,"Признаки транзита: вход 37790, выход 40362 KZT; выход/вход=1.07. Совпадение сумм не доказывает движение тех же денег."
100000005664632100,terminal,0.7231489876095497,72,0.6956707043517272,Гипотеза конечного получателя: вход 198620 KZT от 1; исходящих 0; глубина 2. Только в пределах выгрузки.
100000005664922100,peripheral,0.0,21,0.5670614625392553,"Недостаточно признаков роли: отправителей 2, получателей 3, достижим из 1 seed."
100000005665181100,distributor,0.9239193083573487,10,0.9074024226110363,Признаки распределения: 11 получателей; выход 181915 KZT; 4 отправителей.
100000005667841100,terminal,0.7871864611665156,42,0.7214221624046657,Гипотеза конечного получателя: вход 186000 KZT от 2; исходящих 0; глубина 3. Только в пределах выгрузки.
100000005668605100,consolidator,0.6816375793291024,47,0.6968820098698968,Признаки консолидации: 3 отправителей; вход 94500 KZT; 0 получателей. Seed: входящие неполны.
100000005669845100,terminal,0.618343910546993,27,0.26479587258860476,Гипотеза конечного получателя: вход 20000 KZT от 1; исходящих 0; глубина 1. Только в пределах выгрузки.
100000005674387100,terminal,0.63393774554246,22,0.28633019291161954,Гипотеза конечного получателя: вход 26200 KZT от 1; исходящих 0; глубина 3. Только в пределах выгрузки.
100000005685783100,peripheral,0.0,22,0.28498429789143115,"Недостаточно признаков роли: отправителей 1, получателей 0, достижим из 1 seed. Граница обхода; исходящие неполны."
100000005704413100,coordinator,0.9932705248990579,18,0.9851951547779274,Гипотеза координации: достижим из 7 seed; внешних кластеров 4; отправителей/получателей 3/32.
100000005709551100,terminal,0.6273194318525234,12,0.5567743382682817,Гипотеза конечного получателя: вход 24560 KZT от 1; исходящих 0; глубина 3. Только в пределах выгрузки.
100000005711521100,peripheral,0.0,12,0.7054957379991027,"Недостаточно признаков роли: отправителей 1, получателей 0, достижим из 7 seed. Граница обхода; исходящие неполны."
100000005723580100,peripheral,0.0,42,0.5861148497083895,"Недостаточно признаков роли: отправителей 1, получателей 0, достижим из 8 seed. Граница обхода; исходящие неполны."
100000005730108100,terminal,0.5799032940465397,0,0.4935172723194257,Гипотеза конечного получателя: вход 8000 KZT от 1; исходящих 0; глубина 2. Только в пределах выгрузки.
100000005744674100,peripheral,0.0,47,0.26410946612830866,"Недостаточно признаков роли: отправителей 0, получателей 1, достижим из 0 seed. Seed: входящие неполны."
100000005745873100,peripheral,0.0,62,0.7019964109466128,"Недостаточно признаков роли: отправителей 1, получателей 0, достижим из 7 seed. Граница обхода; исходящие неполны."
100000005754335100,terminal,0.6564218797219704,63,0.5976895468820098,Гипотеза конечного получателя: вход 44037 KZT от 1; исходящих 0; глубина 3. Только в пределах выгрузки.
100000005756189100,peripheral,0.0,10,0.6604531179901301,"Недостаточно признаков роли: отправителей 1, получателей 1, достижим из 7 seed."
100000005756535100,terminal,0.618343910546993,22,0.26479587258860476,Гипотеза конечного получателя: вход 20000 KZT от 1; исходящих 0; глубина 3. Только в пределах выгрузки.
100000005767403100,peripheral,0.0,59,0.761754149842979,"Недостаточно признаков роли: отправителей 1, получателей 0, достижим из 7 seed. Граница обхода; исходящие неполны."
100000005778283100,consolidator,0.8648458748866727,1,0.7937864513234634,Признаки консолидации: 3 отправителей; вход 615760 KZT; 0 получателей.
100000005782781100,coordinator,0.9924629878869448,1,0.9815163750560789,Гипотеза координации: достижим из 7 seed; внешних кластеров 5; отправителей/получателей 6/10.
100000005782886100,peripheral,0.0,4,0.5162628981606101,"Недостаточно признаков роли: отправителей 1, получателей 0, достижим из 9 seed. Граница обхода; исходящие неполны."
100000005783452100,peripheral,0.0,24,0.7960520412741139,"Недостаточно признаков роли: отправителей 2, получателей 0, достижим из 8 seed. Граница обхода; исходящие неполны."
100000005799271100,terminal,0.6585071018434572,11,0.6010542844324809,Гипотеза конечного получателя: вход 45000 KZT от 1; исходящих 0; глубина 2. Только в пределах выгрузки.
100000005807278100,terminal,0.5800846177092777,52,0.2136518618214446,Гипотеза конечного получателя: вход 8385 KZT от 1; исходящих 0; глубина 1. Только в пределах выгрузки.
100000005809252100,terminal,0.6305832577818071,10,0.5617541498429789,Гипотеза конечного получателя: вход 25000 KZT от 1; исходящих 0; глубина 2. Только в пределах выгрузки.
100000005815602100,peripheral,0.0,16,0.7157694033198744,"Недостаточно признаков роли: отправителей 1, получателей 1, достижим из 7 seed."
100000005820746100,peripheral,0.0,21,0.4911754149842979,"Недостаточно признаков роли: отправителей 1, получателей 1, достижим из 1 seed."
100000005830339100,consolidator,0.9416515563614386,2,0.9482279048900852,Признаки консолидации: 5 отправителей; вход 476341 KZT; 1 получателей.
100000005834479100,peripheral,0.0,8,0.6114849708389413,"Недостаточно признаков роли: отправителей 1, получателей 2, достижим из 7 seed."
100000005844459100,terminal,0.7979752190994258,0,0.7367653656348138,Гипотеза конечного получателя: вход 243400 KZT от 2; исходящих 0; глубина 1. Только в пределах выгрузки.
100000005847078100,terminal,0.604925959504382,22,0.24689546882009872,Гипотеза конечного получателя: вход 16300 KZT от 1; исходящих 0; глубина 3. Только в пределах выгрузки.
100000005849100100,terminal,0.6449078271381081,2,0.5822117541498429,Гипотеза конечного получателя: вход 33300 KZT от 1; исходящих 0; глубина 2. Только в пределах выгрузки.
100000005849862100,peripheral,0.0,1,0.5135711081202333,"Недостаточно признаков роли: отправителей 1, получателей 0, достижим из 7 seed. Граница обхода; исходящие неполны."
100000005852946100,terminal,0.6254155333937745,2,0.5543517272319426,Гипотеза конечного получателя: вход 23746 KZT от 1; исходящих 0; глубина 1. Только в пределах выгрузки.
100000005857058100,consolidator,0.7950362647325476,0,0.7367877972184836,Признаки консолидации: 3 отправителей; вход 80222 KZT; 0 получателей.
100000005873152100,transit,0.8227561196736175,11,0.5354194706146254,"Признаки транзита: вход 10000, выход 10000 KZT; выход/вход=1.00. Совпадение сумм не доказывает движение тех же денег."
100000005877725100,terminal,0.6816258688425506,22,0.35497083894122927,Гипотеза конечного получателя: вход 70000 KZT от 1; исходящих 0; глубина 1. Только в пределах выгрузки.
100000005878334100,peripheral,0.0,8,0.6395468820098699,"Недостаточно признаков роли: отправителей 1, получателей 0, достижим из 7 seed. Граница обхода; исходящие неполны."
100000005882013100,peripheral,0.0,12,0.7033871691341409,"Недостаточно признаков роли: отправителей 2, получателей 1, достижим из 10 seed."
100000005888829100,peripheral,0.0,4,0.694997756841633,"Недостаточно признаков роли: отправителей 1, получателей 0, достижим из 8 seed. Граница обхода; исходящие неполны."
100000005893892100,terminal,0.6993955877908734,10,0.6613503813369224,Гипотеза конечного получателя: вход 102780 KZT от 1; исходящих 0; глубина 3. Только в пределах выгрузки.
100000005895525100,terminal,0.7050166213357509,52,0.3892911619560341,Гипотеза конечного получателя: вход 120000 KZT от 1; исходящих 0; глубина 1. Только в пределах выгрузки.
100000005897462100,terminal,0.6954971290420067,11,0.6552938537460744,Гипотеза конечного получателя: вход 98400 KZT от 1; исходящих 0; глубина 1. Только в пределах выгрузки.
100000005901606100,terminal,0.648262314898761,22,0.30678779721848365,Гипотеза конечного получателя: вход 35660 KZT от 1; исходящих 0; глубина 1. Только в пределах выгрузки.
100000005904580100,terminal,0.7493804774856452,7,0.6661058770749215,Гипотеза конечного получателя: вход 72000 KZT от 2; исходящих 0; глубина 2. Только в пределах выгрузки.
100000005910114100,coordinator,0.993943472409152,0,0.9853746074472858,Гипотеза координации: достижим из 7 seed; внешних кластеров 6; отправителей/получателей 3/19.
100000005910895100,peripheral,0.0,11,0.4839614176760879,"Недостаточно признаков роли: отправителей 1, получателей 0, достижим из 8 seed. Граница обхода; исходящие неполны."
100000005911352100,peripheral,0.0,19,0.6079632122027816,"Недостаточно признаков роли: отправителей 2, получателей 3, достижим из 7 seed."
100000005931985100,terminal,0.6850710184345724,24,0.35941229250785106,Гипотеза конечного получателя: вход 76000 KZT от 1; исходящих 0; глубина 2. Только в пределах выгрузки.
100000005932987100,terminal,0.6305832577818071,59,0.5617541498429789,Гипотеза конечного получателя: вход 25000 KZT от 1; исходящих 0; глубина 2. Только в пределах выгрузки.
100000005933757100,coordinator,0.9980484522207267,40,0.9948407357559443,Гипотеза координации: достижим из 7 seed; внешних кластеров 10; отправителей/получателей 4/34.
100000005939154100,terminal,0.6215170746449078,16,0.54883355764917,Гипотеза конечного получателя: вход 22000 KZT от 1; исходящих 0; глубина 2. Только в пределах выгрузки.
100000005940652100,terminal,0.5802659413720157,42,0.49392104082548227,Гипотеза конечного получателя: вход 8395 KZT от 1; исходящих 0; глубина 1. Только в пределах выгрузки.
100000005941908100,terminal,0.5894227863402841,40,0.5058995065051592,Гипотеза конечного получателя: вход 10000 KZT от 1; исходящих 0; глубина 3. Только в пределах выгрузки.
100000005942793100,consolidator,0.8227410093683892,0,0.724181247196052,Признаки консолидации: 4 отправителей; вход 55000 KZT; 0 получателей.
100000005958064100,peripheral,0.0,40,0.7794526693584567,"Недостаточно признаков роли: отправителей 1, получателей 2, достижим из 7 seed."
100000005961971100,terminal,0.661498942278634,22,0.3256303275011216,Гипотеза конечного получателя: вход 47353 KZT от 1; исходящих 0; глубина 1. Только в пределах выгрузки.
100000005974542100,terminal,0.6935932305832577,29,0.6524674742036788,Гипотеза конечного получателя: вход 94500 KZT от 1; исходящих 0; глубина 3. Только в пределах выгрузки.
100000005979037100,peripheral,0.0,8,0.6272992373261552,"Недостаточно признаков роли: отправителей 1, получателей 0, достижим из 7 seed. Граница обхода; исходящие неполны."
100000005995391100,terminal,0.6076458144454517,22,0.25052938537460745,Гипотеза конечного получателя: вход 17200 KZT от 1; исходящих 0; глубина 3. Только в пределах выгрузки.
100000005996909100,terminal,0.5736476276820791,3,0.4863840287124271,Гипотеза конечного получателя: вход 5500 KZT от 1; исходящих 0; глубина 3. Только в пределах выгрузки.
100000006008169100,terminal,0.6816258688425506,7,0.35497083894122927,Гипотеза конечного получателя: вход 70000 KZT от 1; исходящих 0; глубина 1. Только в пределах выгрузки.
100000006020215100,transit,0.6670605187319884,12,0.6771646478241363,"Признаки транзита: вход 30000, выход 33800 KZT; выход/вход=1.13. Совпадение сумм не доказывает движение тех же денег."
100000006030946100,terminal,0.6831671199758235,22,0.3569896814715119,Гипотеза конечного получателя: вход 73289 KZT от 1; исходящих 0; глубина 1. Только в пределах выгрузки.
100000006048193100,terminal,0.6549712904200664,0,0.5955361148497084,Гипотеза конечного получателя: вход 41559 KZT от 1; исходящих 0; глубина 3. Только в пределах выгрузки.
100000006069103100,transit,0.6654810363234205,5,0.819874383131449,"Признаки транзита: вход 228818, выход 270000 KZT; выход/вход=1.18. Совпадение сумм не доказывает движение тех же денег."
100000006100920100,terminal,0.6985796313085524,0,0.6602736653207717,Гипотеза конечного получателя: вход 100000 KZT от 1; исходящих 0; глубина 3. Только в пределах выгрузки.
100000006111439100,transit,0.5945470516784607,10,0.7153207716464782,"Признаки транзита: вход 20570, выход 24000 KZT; выход/вход=1.17. Совпадение сумм не доказывает движение тех же денег."
100000006111442100,terminal,0.6776367482623149,42,0.6294526693584567,Гипотеза конечного получателя: вход 64000 KZT от 1; исходящих 0; глубина 3. Только в пределах выгрузки.
100000006122699100,terminal,0.7256270776669689,16,0.6311126065500223,Гипотеза конечного получателя: вход 45865 KZT от 2; исходящих 0; глубина 2. Только в пределах выгрузки.
100000006126743100,terminal,0.6727410093683892,10,0.6220502467474204,Гипотеза конечного получателя: вход 55000 KZT от 1; исходящих 0; глубина 3. Только в пределах выгрузки.
100000006161893100,terminal,0.5974916893321245,16,0.5162628981606101,Гипотеза конечного получателя: вход 14000 KZT от 1; исходящих 0; глубина 2. Только в пределах выгрузки.
100000006165886100,peripheral,0.0,0,0.7357783759533423,"Недостаточно признаков роли: отправителей 2, получателей 1, достижим из 7 seed."
100000006169033100,peripheral,0.0,63,0.80697622252131,"Недостаточно признаков роли: отправителей 1, получателей 3, достижим из 7 seed."
100000006171671100,peripheral,0.0,0,0.5058995065051592,"Недостаточно признаков роли: отправителей 1, получателей 0, достижим из 7 seed. Граница обхода; исходящие неполны."
100000006177176100,terminal,0.5809912360229676,16,0.494997756841633,Гипотеза конечного получателя: вход 8911 KZT от 1; исходящих 0; глубина 1. Только в пределах выгрузки.
100000006209210100,terminal,0.7285886974916893,1,0.7028039479587258,Гипотеза конечного получателя: вход 229111 KZT от 1; исходящих 0; глубина 3. Только в пределах выгрузки.
100000006225798100,coordinator,0.9121467025572004,28,0.9098474652310453,Гипотеза координации: достижим из 7 seed; внешних кластеров 2; отправителей/получателей 3/2.
100000006232642100,peripheral,0.0,63,0.7376626289816061,"Недостаточно признаков роли: отправителей 1, получателей 0, достижим из 7 seed. Граница обхода; исходящие неполны."
100000006232815100,distributor,0.6918191642651297,27,0.42485419470614627,Признаки распределения: 5 получателей; выход 296500 KZT; 1 отправителей. Seed: входящие неполны.
100000006240939100,distributor,0.8438760806916428,46,0.5843786451323463,Признаки распределения: 5 получателей; выход 778015 KZT; 1 отправителей.
100000006248077100,terminal,0.6673919613176186,16,0.6139748766262898,Гипотеза конечного получателя: вход 50000 KZT от 1; исходящих 0; глубина 2. Только в пределах выгрузки.
100000006249740100,peripheral,0.0,81,0.34607447285778375,"Недостаточно признаков роли: отправителей 0, получателей 3, достижим из 0 seed. Seed: входящие неполны."
100000006257675100,peripheral,0.0,32,0.6349708389412292,"Недостаточно признаков роли: отправителей 1, получателей 0, достижим из 7 seed. Граница обхода; исходящие неполны."
100000006274203100,peripheral,0.0,43,0.8781516375056078,"Недостаточно признаков роли: отправителей 2, получателей 3, достижим из 9 seed."
100000006288612100,peripheral,0.0,7,0.5780394795872589,"Недостаточно признаков роли: отправителей 1, получателей 0, достижим из 7 seed. Граница обхода; исходящие неполны."
100000006308406100,peripheral,0.0,32,0.6912292507851054,"Недостаточно признаков роли: отправителей 1, получателей 0, достижим из 7 seed. Граница обхода; исходящие неполны."
100000006326645100,terminal,0.6308552432759141,22,0.2821579183490355,Гипотеза конечного получателя: вход 25264 KZT от 1; исходящих 0; глубина 1. Только в пределах выгрузки.
100000006351075100,peripheral,0.0,62,0.5935172723194257,"Недостаточно признаков роли: отправителей 1, получателей 0, достижим из 7 seed. Граница обхода; исходящие неполны."
100000006369769100,terminal,0.6535207011181625,22,0.3135172723194258,Гипотеза конечного получателя: вход 40000 KZT от 1; исходящих 0; глубина 1. Только в пределах выгрузки.
100000006381453100,peripheral,0.0,4,0.6010542844324809,"Недостаточно признаков роли: отправителей 1, получателей 0, достижим из 8 seed. Граница обхода; исходящие неполны."
100000006385877100,peripheral,0.0,4,0.33935845670704357,"Недостаточно признаков роли: отправителей 1, получателей 1, достижим из 1 seed."
100000006412162100,peripheral,0.0,18,0.24205024674742037,"Недостаточно признаков роли: отправителей 1, получателей 0, достижим из 1 seed. Граница обхода; исходящие неполны."
100000006416061100,peripheral,0.0,0,0.5772319425751458,"Недостаточно признаков роли: отправителей 1, получателей 0, достижим из 7 seed. Граница обхода; исходящие неполны."
100000006424479100,peripheral,0.0,12,0.7867877972184836,"Недостаточно признаков роли: отправителей 1, получателей 2, достижим из 10 seed."
100000006443391100,consolidator,0.7980281051677245,4,0.4112292507851054,Признаки консолидации: 3 отправителей; вход 86776 KZT; 2 получателей.
100000006444163100,terminal,0.575279540646721,0,0.48826828174069087,Гипотеза конечного получателя: вход 6026 KZT от 1; исходящих 0; глубина 3. Только в пределах выгрузки.
100000006445501100,terminal,0.6920519794499849,11,0.6503140421713773,Гипотеза конечного получателя: вход 91000 KZT от 1; исходящих 0; глубина 1. Только в пределах выгрузки.
100000006446271100,terminal,0.7532789362345119,2,0.6717586361597129,Гипотеза конечного получателя: вход 80000 KZT от 2; исходящих 0; глубина 1. Только в пределах выгрузки.
100000006471232100,terminal,0.6551526140828045,22,0.31580529385374606,Гипотеза конечного получателя: вход 41800 KZT от 1; исходящих 0; глубина 3. Только в пределах выгрузки.
100000006476758100,terminal,0.5721970383801752,11,0.4842305966801256,Гипотеза конечного получателя: вход 5200 KZT от 1; исходящих 0; глубина 3. Только в пределах выгрузки.
100000006490557100,terminal,0.5717437292233303,1,0.2035576491700314,Гипотеза конечного получателя: вход 5000 KZT от 1; исходящих 0; глубина 2. Только в пределах выгрузки.
100000006490615100,peripheral,0.0,12,0.5956707043517272,"Недостаточно признаков роли: отправителей 1, получателей 0, достижим из 7 seed. Граница обхода; исходящие неполны."
100000006491272100,terminal,0.63393774554246,22,0.28633019291161954,Гипотеза конечного получателя: вход 26200 KZT от 1; исходящих 0; глубина 3. Только в пределах выгрузки.
100000006491963100,peripheral,0.0,18,0.2464917003140422,"Недостаточно признаков роли: отправителей 1, получателей 0, достижим из 1 seed. Граница обхода; исходящие неполны."
100000006492770100,peripheral,0.0,0,0.7424181247196051,"Недостаточно признаков роли: отправителей 1, получателей 1, достижим из 7 seed."
100000006512787100,peripheral,0.0,0,0.5447958725886047,"Недостаточно признаков роли: отправителей 1, получателей 0, достижим из 7 seed. Граница обхода; исходящие неполны."
100000006518161100,consolidator,0.8639392565729829,16,0.8497532525796321,Признаки консолидации: 3 отправителей; вход 594200 KZT; 2 получателей.
100000006522972100,terminal,0.5825324871562405,10,0.4971511888739345,Гипотеза конечного получателя: вход 9515 KZT от 1; исходящих 0; глубина 3. Только в пределах выгрузки.
100000006523053100,terminal,0.5717437292233303,2,0.4835576491700314,Гипотеза конечного получателя: вход 5000 KZT от 1; исходящих 0; глубина 2. Только в пределах выгрузки.
100000006527156100,peripheral,0.0,54,0.6071108120233288,"Недостаточно признаков роли: отправителей 1, получателей 0, достижим из 7 seed. Граница обхода; исходящие неполны."
100000006530134100,terminal,0.7779389543668782,10,0.7579632122027815,Гипотеза конечного получателя: вход 144663 KZT от 2; исходящих 0; глубина 3. Только в пределах выгрузки.
100000006532229100,terminal,0.7001208824418254,42,0.6624270973530731,Гипотеза конечного получателя: вход 105000 KZT от 1; исходящих 0; глубина 3. Только в пределах выгрузки.
100000006534886100,peripheral,0.0,16,0.6871915657245401,"Недостаточно признаков роли: отправителей 1, получателей 1, достижим из 7 seed."
100000006557763100,terminal,0.5894227863402841,2,0.5058995065051592,Гипотеза конечного получателя: вход 10000 KZT от 1; исходящих 0; глубина 2. Только в пределах выгрузки.
100000006562026100,terminal,0.7507404049561801,81,0.45785554060116646,Гипотеза конечного получателя: вход 75000 KZT от 2; исходящих 0; глубина 1. Только в пределах выгрузки.
100000006564102100,terminal,0.7294046539740102,2,0.7038806639748766,Гипотеза конечного получателя: вход 233235 KZT от 1; исходящих 0; глубина 2. Только в пределах выгрузки.
100000006567935100,terminal,0.7249622242369296,33,0.6982279048900852,Гипотеза конечного получателя: вход 200000 KZT от 1; исходящих 0; глубина 2. Только в пределах выгрузки.
100000006573438100,terminal,0.5717437292233303,63,0.4835576491700314,Гипотеза конечного получателя: вход 5000 KZT от 1; исходящих 0; глубина 3. Только в пределах выгрузки.
100000006579678100,distributor,0.8841498559077811,16,0.8279721848362493,Признаки распределения: 6 получателей; выход 1668800 KZT; 2 отправителей.
100000006595426100,terminal,0.6885161680265941,0,0.64533423059668,Гипотеза конечного получателя: вход 84800 KZT от 1; исходящих 0; глубина 2. Только в пределах выгрузки.
100000006612238100,peripheral,0.0,22,0.4044997756841633,"Недостаточно признаков роли: отправителей 1, получателей 1, достижим из 1 seed."
100000006638021100,peripheral,0.0,57,0.7601839389860924,"Недостаточно признаков роли: отправителей 2, получателей 0, достижим из 9 seed. Граница обхода; исходящие неполны."
100000006641671100,transit,0.6441577154833636,8,0.6061686855091969,"Признаки транзита: вход 22000, выход 25000 KZT; выход/вход=1.14. Совпадение сумм не доказывает движение тех же денег."
100000006656003100,peripheral,0.0,22,0.26479587258860476,"Недостаточно признаков роли: отправителей 1, получателей 1, достижим из 1 seed."
100000006658598100,terminal,0.5818071925052886,16,0.4962090623598026,Гипотеза конечного получателя: вход 9000 KZT от 1; исходящих 0; глубина 1. Только в пределах выгрузки.
100000006664478100,transit,0.7469216662300237,46,0.39157918349035437,"Признаки транзита: вход 55000, выход 60000 KZT; выход/вход=1.09. Совпадение сумм не доказывает движение тех же денег."
100000006679055100,terminal,0.6305832577818071,2,0.5617541498429789,Гипотеза конечного получателя: вход 25000 KZT от 1; исходящих 0; глубина 2. Только в пределах выгрузки.
100000006684930100,terminal,0.5894227863402841,12,0.5058995065051592,Гипотеза конечного получателя: вход 10000 KZT от 1; исходящих 0; глубина 2. Только в пределах выгрузки.
100000006687202100,terminal,0.6673919613176186,0,0.6139748766262898,Гипотеза конечного получателя: вход 50000 KZT от 1; исходящих 0; глубина 1. Только в пределах выгрузки.
100000006689603100,peripheral,0.0,8,0.7321444593988335,"Недостаточно признаков роли: отправителей 1, получателей 0, достижим из 7 seed. Граница обхода; исходящие неполны."
100000006693788100,peripheral,0.0,0,0.5068416330192912,"Недостаточно признаков роли: отправителей 1, получателей 0, достижим из 7 seed. Граница обхода; исходящие неполны."
100000006701983100,terminal,0.6353883348443639,22,0.28848362494392105,Гипотеза конечного получателя: вход 27000 KZT от 1; исходящих 0; глубина 3. Только в пределах выгрузки.
100000006704530100,transit,0.8772446241288098,14,0.7888515029161058,"Признаки транзита: вход 450500, выход 428000 KZT; выход/вход=0.95. Совпадение сумм не доказывает движение тех же денег."
100000006706519100,peripheral,0.0,0,0.5875953342305966,"Недостаточно признаков роли: отправителей 1, получателей 0, достижим из 7 seed. Граница обхода; исходящие неполны."
100000006707582100,distributor,0.9723342939481269,18,0.696401973979363,Признаки распределения: 14 получателей; выход 961138 KZT; 2 отправителей.
100000006710485100,terminal,0.618343910546993,22,0.26479587258860476,Гипотеза конечного получателя: вход 20000 KZT от 1; исходящих 0; глубина 3. Только в пределах выгрузки.
100000006714366100,peripheral,0.0,12,0.5360924181247195,"Недостаточно признаков роли: отправителей 1, получателей 1, достижим из 7 seed."
100000006734214100,coordinator,0.9476278600269179,10,0.9622700762673845,Гипотеза координации: достижим из 7 seed; внешних кластеров 3; отправителей/получателей 5/3.
100000006734554100,peripheral,0.0,27,0.31127411395244503,"Недостаточно признаков роли: отправителей 1, получателей 1, достижим из 1 seed."
100000006735545100,peripheral,0.0,8,0.4835576491700314,"Недостаточно признаков роли: отправителей 1, получателей 0, достижим из 7 seed. Граница обхода; исходящие неполны."
100000006745291100,terminal,0.6877908733756422,11,0.6441229250785105,Гипотеза конечного получателя: вход 82534 KZT от 1; исходящих 0; глубина 1. Только в пределах выгрузки.
100000006746688100,terminal,0.6546086430945905,22,0.314997756841633,Гипотеза конечного получателя: вход 41000 KZT от 1; исходящих 0; глубина 3. Только в пределах выгрузки.
100000006755850100,terminal,0.748171653067392,10,0.7357783759533423,Гипотеза конечного получателя: вход 443476 KZT от 1; исходящих 0; глубина 2. Только в пределах выгрузки.
100000006756956100,peripheral,0.0,0,0.6695603409600718,"Недостаточно признаков роли: отправителей 1, получателей 0, достижим из 7 seed. Граница обхода; исходящие неполны."
100000006787636100,terminal,0.618343910546993,5,0.5447958725886047,Гипотеза конечного получателя: вход 20000 KZT от 1; исходящих 0; глубина 2. Только в пределах выгрузки.
100000006788200100,coordinator,0.8922947510094211,1,0.8747196052041274,Гипотеза координации: достижим из 7 seed; внешних кластеров 2; отправителей/получателей 4/3.
100000006789108100,terminal,0.6502568751888789,11,0.5894795872588605,Гипотеза конечного получателя: вход 37500 KZT от 1; исходящих 0; глубина 1. Только в пределах выгрузки.
100000006831291100,peripheral,0.0,81,0.17205024674742037,"Недостаточно признаков роли: отправителей 0, получателей 1, достижим из 0 seed. Seed: входящие неполны."
100000006844004100,terminal,0.619069205197945,0,0.5457379991027367,Гипотеза конечного получателя: вход 20600 KZT от 1; исходящих 0; глубина 3. Только в пределах выгрузки.
100000006844768100,peripheral,0.0,0,0.7449753252579632,"Недостаточно признаков роли: отправителей 1, получателей 2, достижим из 7 seed."
100000006852430100,terminal,0.6495315805379269,11,0.5885374607447286,Гипотеза конечного получателя: вход 37000 KZT от 1; исходящих 0; глубина 2. Только в пределах выгрузки.
100000006866783100,coordinator,0.8489703903095558,0,0.9969493046209061,Гипотеза координации: достижим из 6 seed; внешних кластеров 13; отправителей/получателей 13/67. Seed: входящие неполны.
100000006866831100,peripheral,0.0,0,0.5278375953342306,"Недостаточно признаков роли: отправителей 1, получателей 0, достижим из 7 seed. Граница обхода; исходящие неполны."
100000006882208100,terminal,0.6112722877002116,16,0.5355091969493047,Гипотеза конечного получателя: вход 18000 KZT от 1; исходящих 0; глубина 3. Только в пределах выгрузки.
100000006888238100,peripheral,0.0,50,0.32675190668461196,"Недостаточно признаков роли: отправителей 1, получателей 1, достижим из 1 seed."
100000006889963100,consolidator,0.9138561498942279,10,0.972902646926873,Признаки консолидации: 4 отправителей; вход 1431000 KZT; 1 получателей.
100000006894637100,terminal,0.6699304925959504,0,0.6174742036787797,Гипотеза конечного получателя: вход 52831 KZT от 1; исходящих 0; глубина 3. Только в пределах выгрузки.
100000006901046100,peripheral,0.0,16,0.6390085240017945,"Недостаточно признаков роли: отправителей 1, получателей 1, достижим из 7 seed."
100000006903193100,peripheral,0.0,0,0.4962090623598026,"Недостаточно признаков роли: отправителей 1, получателей 0, достижим из 7 seed. Граница обхода; исходящие неполны."
100000006912294100,peripheral,0.0,4,0.32675190668461196,"Недостаточно признаков роли: отправителей 1, получателей 2, достижим из 1 seed."
100000006918814100,peripheral,0.0,2,0.5447958725886047,"Недостаточно признаков роли: отправителей 1, получателей 0, достижим из 7 seed. Граница обхода; исходящие неполны."
100000006919124100,terminal,0.6305832577818071,0,0.5617541498429789,Гипотеза конечного получателя: вход 25000 KZT от 1; исходящих 0; глубина 3. Только в пределах выгрузки.
100000006952718100,terminal,0.6824418253248715,16,0.6363167339614176,Гипотеза конечного получателя: вход 71489 KZT от 1; исходящих 0; глубина 1. Только в пределах выгрузки.
100000006965162100,terminal,0.5894227863402841,15,0.5058995065051592,Гипотеза конечного получателя: вход 10000 KZT от 1; исходящих 0; глубина 3. Только в пределах выгрузки.
100000006967370100,peripheral,0.0,28,0.6115971287572902,"Недостаточно признаков роли: отправителей 1, получателей 1, достижим из 7 seed."
100000006972210100,consolidator,0.8592248413417951,4,0.8847689546882009,Признаки консолидации: 3 отправителей; вход 488775 KZT; 0 получателей.
100000006977207100,distributor,0.9956772334293948,8,0.7144369672498878,Признаки распределения: 15 получателей; выход 4157018 KZT; 1 отправителей.
100000006989106100,terminal,0.6776367482623149,1,0.3494526693584567,Гипотеза конечного получателя: вход 64000 KZT от 1; исходящих 0; глубина 2. Только в пределах выгрузки.
100000006989232100,terminal,0.6216077364762768,0,0.5491027366532077,Гипотеза конечного получателя: вход 22194 KZT от 1; исходящих 0; глубина 3. Только в пределах выгрузки.
100000006994985100,peripheral,0.0,1,0.636630776132795,"Недостаточно признаков роли: отправителей 1, получателей 1, достижим из 7 seed."
100000007005380100,terminal,0.5821698398307645,10,0.49674742036787795,Гипотеза конечного получателя: вход 9400 KZT от 1; исходящих 0; глубина 3. Только в пределах выгрузки.
100000007018630100,peripheral,0.0,37,0.34822790489008526,"Недостаточно признаков роли: отправителей 0, получателей 1, достижим из 0 seed. Seed: входящие неполны."
100000007020162100,terminal,0.689513448171653,40,0.6466801256168686,Гипотеза конечного получателя: вход 86395 KZT от 1; исходящих 0; глубина 3. Только в пределах выгрузки.
100000007022818100,terminal,0.6076458144454517,22,0.25052938537460745,Гипотеза конечного получателя: вход 17200 KZT от 1; исходящих 0; глубина 3. Только в пределах выгрузки.
100000007034089100,peripheral,0.0,4,0.7249214894571556,"Недостаточно признаков роли: отправителей 2, получателей 0, достижим из 8 seed. Граница обхода; исходящие неполны."
100000007042175100,peripheral,0.0,0,0.6271646478241364,"Недостаточно признаков роли: отправителей 1, получателей 0, достижим из 7 seed. Граница обхода; исходящие неполны."
100000007055802100,consolidator,0.9985494106980961,0,0.9309331538806639,Признаки консолидации: 6 отправителей; вход 2024999 KZT; 1 получателей.
100000007071852100,peripheral,0.0,8,0.6945939883355765,"Недостаточно признаков роли: отправителей 1, получателей 0, достижим из 7 seed. Граница обхода; исходящие неполны."
100000007129492100,peripheral,0.0,11,0.7094661283086585,"Недостаточно признаков роли: отправителей 2, получателей 1, достижим из 11 seed."
100000007131370100,transit,0.8556195965417868,3,0.5772319425751458,"Признаки транзита: вход 30000, выход 30000 KZT; выход/вход=1.00. Совпадение сумм не доказывает движение тех же денег."
100000007138613100,consolidator,0.8698322756119674,0,0.8669807088380439,Признаки консолидации: 3 отправителей; вход 1002000 KZT; 2 получателей.
100000007140834100,terminal,0.589694771834391,1,0.5061686855091969,Гипотеза конечного получателя: вход 10200 KZT от 1; исходящих 0; глубина 3. Только в пределах выгрузки.
100000007153161100,peripheral,0.0,0,0.5989008524001794,"Недостаточно признаков роли: отправителей 1, получателей 0, достижим из 7 seed. Граница обхода; исходящие неполны."
100000007170072100,transit,0.8953818443804035,8,0.7046882009869897,"Признаки транзита: вход 100000, выход 99500 KZT; выход/вход=0.99. Совпадение сумм не доказывает движение тех же денег."
100000007173936100,terminal,0.5894227863402841,33,0.5058995065051592,Гипотеза конечного получателя: вход 10000 KZT от 1; исходящих 0; глубина 2. Только в пределах выгрузки.
100000007175718100,terminal,0.618343910546993,52,0.26479587258860476,Гипотеза конечного получателя: вход 20000 KZT от 1; исходящих 0; глубина 1. Только в пределах выгрузки.
100000007181706100,terminal,0.7850105772136597,2,0.7689995513683267,Гипотеза конечного получателя: вход 176272 KZT от 2; исходящих 0; глубина 1. Только в пределах выгрузки.
100000007197866100,peripheral,0.0,8,0.5743158366980708,"Недостаточно признаков роли: отправителей 1, получателей 1, достижим из 7 seed."
100000007229557100,consolidator,0.8687443336355395,35,0.8521310004486317,Признаки консолидации: 3 отправителей; вход 878000 KZT; 0 получателей.
100000007242833100,peripheral,0.0,7,0.6928891879766711,"Недостаточно признаков роли: отправителей 1, получателей 1, достижим из 9 seed."
100000007267915100,peripheral,0.0,28,0.6416330192911619,"Недостаточно признаков роли: отправителей 2, получателей 1, достижим из 7 seed."
100000007274584100,terminal,0.6507101843457238,2,0.5901525347689547,Гипотеза конечного получателя: вход 38000 KZT от 1; исходящих 0; глубина 1. Только в пределах выгрузки.
100000007281639100,terminal,0.7937141130250831,16,0.7804396590399282,Гипотеза конечного получателя: вход 216770 KZT от 2; исходящих 0; глубина 1. Только в пределах выгрузки.
100000007283257100,terminal,0.7217890601390148,71,0.41365186182144464,Гипотеза конечного получателя: вход 192000 KZT от 1; исходящих 0; глубина 1. Только в пределах выгрузки.
100000007289427100,terminal,0.5937745542459958,2,0.23141767608793182,Гипотеза конечного получателя: вход 12300 KZT от 1; исходящих 0; глубина 2. Только в пределах выгрузки.
100000007303047100,terminal,0.6695678452704745,22,0.33707043517272317,Гипотеза конечного получателя: вход 52250 KZT от 1; исходящих 0; глубина 3. Только в пределах выгрузки.
100000007311010100,peripheral,0.0,2,0.6741363840287123,"Недостаточно признаков роли: отправителей 2, получателей 1, достижим из 10 seed."
100000007322059100,peripheral,0.0,41,0.601502916105877,"Недостаточно признаков роли: отправителей 2, получателей 1, достижим из 8 seed."
100000007330432100,peripheral,0.0,51,0.7474876626289816,"Недостаточно признаков роли: отправителей 1, получателей 0, достижим из 7 seed. Граница обхода; исходящие неполны."
100000007333038100,peripheral,0.0,24,0.3493180798564378,"Недостаточно признаков роли: отправителей 1, получателей 2, достижим из 1 seed."
100000007334196100,terminal,0.7130855243275914,11,0.6811350381336922,Гипотеза конечного получателя: вход 150002 KZT от 1; исходящих 0; глубина 1. Только в пределах выгрузки.
100000007337374100,terminal,0.618343910546993,22,0.26479587258860476,Гипотеза конечного получателя: вход 20000 KZT от 1; исходящих 0; глубина 2. Только в пределах выгрузки.
100000007347733100,terminal,0.6229676639468117,81,0.2712561686855092,Гипотеза конечного получателя: вход 23007 KZT от 1; исходящих 0; глубина 1. Только в пределах выгрузки.
100000007357489100,peripheral,0.0,4,0.7146926873037236,"Недостаточно признаков роли: отправителей 2, получателей 0, достижим из 8 seed. Граница обхода; исходящие неполны."
100000007381662100,peripheral,0.0,0,0.5080529385374607,"Недостаточно признаков роли: отправителей 1, получателей 0, достижим из 7 seed. Граница обхода; исходящие неполны."
100000007382152100,terminal,0.5741915986702931,0,0.4869223867205025,Гипотеза конечного получателя: вход 5860 KZT от 1; исходящих 0; глубина 2. Только в пределах выгрузки.
100000007382543100,distributor,0.8268731988472623,15,0.8436518618214446,Признаки распределения: 5 получателей; выход 427000 KZT; 3 отправителей.
100000007390016100,peripheral,0.0,82,0.7433153880663974,"Недостаточно признаков роли: отправителей 1, получателей 1, достижим из 7 seed."
100000007392365100,distributor,0.8853025936599425,62,0.8807088380439658,Признаки распределения: 6 получателей; выход 1765600 KZT; 1 отправителей.
100000007442518100,coordinator,0.999057873485868,33,0.9935397039030955,Гипотеза координации: достижим из 7 seed; внешних кластеров 4; отправителей/получателей 5/9.
100000007472293100,peripheral,0.0,57,0.8276805742485419,"Недостаточно признаков роли: отправителей 1, получателей 3, достижим из 9 seed."
100000007484343100,terminal,0.7012390450287096,0,0.5966576940331987,Гипотеза конечного получателя: вход 26757 KZT от 2; исходящих 0; глубина 3. Только в пределах выгрузки.
100000007487729100,terminal,0.6305832577818071,0,0.5617541498429789,Гипотеза конечного получателя: вход 25000 KZT от 1; исходящих 0; глубина 3. Только в пределах выгрузки.
100000007507343100,terminal,0.7435478996675733,55,0.44837595334230596,Гипотеза конечного получателя: вход 370000 KZT от 1; исходящих 0; глубина 1. Только в пределах выгрузки.
100000007510567100,peripheral,0.0,18,0.6165320771646479,"Недостаточно признаков роли: отправителей 1, получателей 0, достижим из 7 seed. Граница обхода; исходящие неполны."
100000007510875100,terminal,0.5717437292233303,4,0.2035576491700314,Гипотеза конечного получателя: вход 5000 KZT от 1; исходящих 0; глубина 3. Только в пределах выгрузки.
100000007511163100,peripheral,0.0,16,0.7457155675190668,"Недостаточно признаков роли: отправителей 2, получателей 3, достижим из 7 seed."
100000007511780100,peripheral,0.0,0,0.683019291161956,"Недостаточно признаков роли: отправителей 1, получателей 0, достижим из 7 seed. Граница обхода; исходящие неполны."
100000007534354100,peripheral,0.0,18,0.5012471960520413,"Недостаточно признаков роли: отправителей 1, получателей 3, достижим из 1 seed."
100000007536804100,peripheral,0.0,1,0.4246882009869897,"Недостаточно признаков роли: отправителей 1, получателей 2, достижим из 1 seed."
100000007539296100,peripheral,0.0,10,0.6021310004486317,"Недостаточно признаков роли: отправителей 1, получателей 0, достижим из 7 seed. Граница обхода; исходящие неполны."
100000007544358100,transit,0.81877890221835,16,0.7706370569762224,"Признаки транзита: вход 322500, выход 350000 KZT; выход/вход=1.09. Совпадение сумм не доказывает движение тех же денег."
100000007591246100,peripheral,0.0,12,0.7488111260655003,"Недостаточно признаков роли: отправителей 1, получателей 1, достижим из 7 seed."
100000007593823100,distributor,0.9195965417867435,0,0.9018393898609242,Признаки распределения: 13 получателей; выход 162900 KZT; 3 отправителей.
100000007594394100,consolidator,0.9787851314596555,43,0.9853746074472858,Признаки консолидации: 6 отправителей; вход 395385 KZT; 1 получателей.
100000007597382100,terminal,0.603656693865216,10,0.524876626289816,Гипотеза конечного получателя: вход 15700 KZT от 1; исходящих 0; глубина 3. Только в пределах выгрузки.
100000007617808100,terminal,0.7487156240556059,16,0.7365859129654553,Гипотеза конечного получателя: вход 450000 KZT от 1; исходящих 0; глубина 2. Только в пределах выгрузки.
100000007618425100,terminal,0.6516168026594137,28,0.5912292507851054,Гипотеза конечного получателя: вход 39348 KZT от 1; исходящих 0; глубина 3. Только в пределах выгрузки.
100000007629096100,consolidator,0.91186158960411,0,0.8633467922835352,Признаки консолидации: 4 отправителей; вход 1075170 KZT; 1 получателей.
100000007629121100,terminal,0.6375642187972197,2,0.5719829519964109,Гипотеза конечного получателя: вход 29000 KZT от 1; исходящих 0; глубина 2. Только в пределах выгрузки.
100000007631637100,terminal,0.6022061045633121,22,0.2427231942575146,Гипотеза конечного получателя: вход 15341 KZT от 1; исходящих 0; глубина 1. Только в пределах выгрузки.
100000007639767100,coordinator,0.9887617765814266,0,0.9719605204127411,Гипотеза координации: достижим из 7 seed; внешних кластеров 4; отправителей/получателей 4/10.
100000007641183100,terminal,0.6361136294953158,16,0.5695603409600718,Гипотеза конечного получателя: вход 28000 KZT от 1; исходящих 0; глубина 1. Только в пределах выгрузки.
100000007641801100,terminal,0.7249622242369296,1,0.41822790489008527,Гипотеза конечного получателя: вход 200000 KZT от 1; исходящих 0; глубина 1. Только в пределах выгрузки.
100000007647294100,terminal,0.7444545179812632,38,0.7301256168685509,Гипотеза конечного получателя: вход 385000 KZT от 1; исходящих 0; глубина 3. Только в пределах выгрузки.
100000007648946100,peripheral,0.0,12,0.641274113952445,"Недостаточно признаков роли: отправителей 1, получателей 1, достижим из 7 seed."
100000007653003100,terminal,0.6985796313085524,28,0.6602736653207717,Гипотеза конечного получателя: вход 100000 KZT от 1; исходящих 0; глубина 3. Только в пределах выгрузки.
100000007653094100,peripheral,0.0,12,0.5264917003140421,"Недостаточно признаков роли: отправителей 1, получателей 0, достижим из 7 seed. Граница обхода; исходящие неполны."
100000007689942100,peripheral,0.0,43,0.591274113952445,"Недостаточно признаков роли: отправителей 1, получателей 2, достижим из 7 seed."
100000007731977100,peripheral,0.0,0,0.6139748766262898,"Недостаточно признаков роли: отправителей 1, получателей 0, достижим из 7 seed. Граница обхода; исходящие неполны."
100000007737775100,terminal,0.5751888788153521,11,0.48813369223867203,Гипотеза конечного получателя: вход 6000 KZT от 1; исходящих 0; глубина 3. Только в пределах выгрузки.
100000007745062100,peripheral,0.0,7,0.6602736653207717,"Недостаточно признаков роли: отправителей 1, получателей 0, достижим из 9 seed. Граница обхода; исходящие неполны."
100000007747786100,distributor,0.8465706051873199,1,0.6462763571108121,Признаки распределения: 31 получателей; выход 4238009 KZT; 0 отправителей. Seed: входящие неполны.
100000007749092100,peripheral,0.0,16,0.6355091969493046,"Недостаточно признаков роли: отправителей 1, получателей 1, достижим из 7 seed."
100000007749747100,peripheral,0.0,42,0.6139748766262898,"Недостаточно признаков роли: отправителей 1, получателей 0, достижим из 8 seed. Граница обхода; исходящие неполны."
100000007754369100,terminal,0.6877002115442732,0,0.6439883355764917,Гипотеза конечного получателя: вход 82424 KZT от 1; исходящих 0; глубина 3. Только в пределах выгрузки.
100000007777377100,peripheral,0.0,16,0.8323463436518619,"Недостаточно признаков роли: отправителей 1, получателей 2, достижим из 7 seed."
100000007793871100,terminal,0.6322151707464491,18,0.5637729923732615,Гипотеза конечного получателя: вход 26000 KZT от 1; исходящих 0; глубина 3. Только в пределах выгрузки.
100000007797290100,peripheral,0.0,0,0.6897936294302378,"Недостаточно признаков роли: отправителей 1, получателей 1, достижим из 7 seed."
100000007811950100,peripheral,0.0,13,0.6139748766262898,"Недостаточно признаков роли: отправителей 1, получателей 0, достижим из 7 seed. Граница обхода; исходящие неполны."
100000007841978100,peripheral,0.0,10,0.7363167339614176,"Недостаточно признаков роли: отправителей 1, получателей 0, достижим из 7 seed. Граница обхода; исходящие неполны."
100000007861311100,terminal,0.6585071018434572,1,0.32105428443248096,Гипотеза конечного получателя: вход 45000 KZT от 1; исходящих 0; глубина 2. Только в пределах выгрузки.
100000007863304100,terminal,0.6305832577818071,10,0.5617541498429789,Гипотеза конечного получателя: вход 25000 KZT от 1; исходящих 0; глубина 3. Только в пределах выгрузки.
100000007864477100,distributor,0.828242074927954,0,0.912202781516375,Признаки распределения: 6 получателей; выход 203500 KZT; 2 отправителей.
100000007865484100,peripheral,0.0,62,0.7473530731269628,"Недостаточно признаков роли: отправителей 1, получателей 0, достижим из 7 seed. Граница обхода; исходящие неполны."
100000007867364100,peripheral,0.0,43,0.5959398833557649,"Недостаточно признаков роли: отправителей 1, получателей 0, достижим из 7 seed. Граница обхода; исходящие неполны."
100000007898453100,peripheral,0.0,2,0.7521085688649618,"Недостаточно признаков роли: отправителей 1, получателей 2, достижим из 10 seed."
100000007908818100,coordinator,0.9122139973082098,8,0.9179676985195155,Гипотеза координации: достижим из 11 seed; внешних кластеров 2; отправителей/получателей 4/6.
100000007930878100,terminal,0.5717437292233303,23,0.2035576491700314,Гипотеза конечного получателя: вход 5000 KZT от 1; исходящих 0; глубина 2. Только в пределах выгрузки.
100000007938486100,terminal,0.6517981263221517,22,0.31136384028712427,Гипотеза конечного получателя: вход 39500 KZT от 1; исходящих 0; глубина 1. Только в пределах выгрузки.
100000007939160100,peripheral,0.0,23,0.5049484073575594,"Недостаточно признаков роли: отправителей 1, получателей 2, достижим из 1 seed."
100000007953156100,peripheral,0.0,40,0.5650291610587708,"Недостаточно признаков роли: отправителей 1, получателей 1, достижим из 8 seed."
100000007960337100,peripheral,0.0,8,0.586518618214446,"Недостаточно признаков роли: отправителей 1, получателей 0, достижим из 7 seed. Граница обхода; исходящие неполны."
100000007982728100,distributor,0.7952521613832854,1,0.5827276805742485,Признаки распределения: 8 получателей; выход 1804384 KZT; 0 отправителей. Seed: входящие неполны.
100000007982908100,terminal,0.6426412813538833,22,0.2988470165993719,Гипотеза конечного получателя: вход 31080 KZT от 1; исходящих 0; глубина 2. Только в пределах выгрузки.
100000007988344100,peripheral,0.0,0,0.5447958725886047,"Недостаточно признаков роли: отправителей 1, получателей 0, достижим из 7 seed. Граница обхода; исходящие неполны."
100000007997939100,peripheral,0.0,4,0.5135711081202333,"Недостаточно признаков роли: отправителей 1, получателей 0, достижим из 9 seed. Граница обхода; исходящие неполны."
100000007998965100,consolidator,0.9269643396796616,18,0.7738672050246747,Признаки консолидации: 5 отправителей; вход 278000 KZT; 1 получателей.
100000007999728100,terminal,0.6233303112722877,40,0.5517945266935845,Гипотеза конечного получателя: вход 23250 KZT от 1; исходящих 0; глубина 3. Только в пределах выгрузки.
100000008002020100,peripheral,0.0,7,0.43691341408703455,"Недостаточно признаков роли: отправителей 1, получателей 1, достижим из 1 seed."
100000008003034100,peripheral,0.0,12,0.880574248541947,"Недостаточно признаков роли: отправителей 1, получателей 4, достижим из 7 seed."
100000008008463100,terminal,0.6715624055605923,1,0.3403005832211754,Гипотеза конечного получателя: вход 54180 KZT от 1; исходящих 0; глубина 2. Только в пределах выгрузки.
100000008011159100,coordinator,0.93692799461642,63,0.9389860924181247,Гипотеза координации: достижим из 7 seed; внешних кластеров 3; отправителей/получателей 3/5.
100000008011573100,terminal,0.6017527954064672,28,0.5220502467474204,Гипотеза конечного получателя: вход 15000 KZT от 1; исходящих 0; глубина 3. Только в пределах выгрузки.
100000008027922100,peripheral,0.0,29,0.6349708389412292,"Недостаточно признаков роли: отправителей 1, получателей 0, достижим из 7 seed. Граница обхода; исходящие неполны."
100000008028628100,terminal,0.6737382895134482,22,0.34366532077164647,Гипотеза конечного получателя: вход 57224 KZT от 1; исходящих 0; глубина 1. Только в пределах выгрузки.
100000008029279100,terminal,0.6063765488062859,8,0.5289143113503814,Гипотеза конечного получателя: вход 17000 KZT от 1; исходящих 0; глубина 3. Только в пределах выгрузки.
100000008038077100,terminal,0.7515261408280447,10,0.741161956034096,Гипотеза конечного получателя: вход 499850 KZT от 1; исходящих 0; глубина 3. Только в пределах выгрузки.
100000008042075100,terminal,0.5717437292233303,21,0.2035576491700314,Гипотеза конечного получателя: вход 5000 KZT от 1; исходящих 0; глубина 3. Только в пределах выгрузки.
100000008043184100,terminal,0.6678452704744635,28,0.6147824136384028,Гипотеза конечного получателя: вход 50564 KZT от 1; исходящих 0; глубина 3. Только в пределах выгрузки.
100000008050986100,peripheral,0.0,10,0.6535441902198295,"Недостаточно признаков роли: отправителей 1, получателей 0, достижим из 7 seed. Граница обхода; исходящие неполны."
100000008055972100,terminal,0.6364762768207918,22,0.29009869896814716,Гипотеза конечного получателя: вход 28300 KZT от 1; исходящих 0; глубина 3. Только в пределах выгрузки.
100000008060273100,terminal,0.5894227863402841,8,0.5058995065051592,Гипотеза конечного получателя: вход 10000 KZT от 1; исходящих 0; глубина 2. Только в пределах выгрузки.
100000008066326100,terminal,0.6128135388334844,0,0.5375280394795873,Гипотеза конечного получателя: вход 19320 KZT от 1; исходящих 0; глубина 1. Только в пределах выгрузки.
100000008070101100,terminal,0.6985796313085524,4,0.6602736653207717,Гипотеза конечного получателя: вход 100000 KZT от 1; исходящих 0; глубина 3. Только в пределах выгрузки.
100000008071620100,terminal,0.6602296766394681,0,0.6037460744728578,Гипотеза конечного получателя: вход 46968 KZT от 1; исходящих 0; глубина 1. Только в пределах выгрузки.
100000008071749100,peripheral,0.0,18,0.5571781067743382,"Недостаточно признаков роли: отправителей 1, получателей 0, достижим из 7 seed. Граница обхода; исходящие неполны."
100000008074304100,peripheral,0.0,10,0.4863840287124271,"Недостаточно признаков роли: отправителей 1, получателей 0, достижим из 7 seed. Граница обхода; исходящие неполны."
100000008077552100,terminal,0.7265941372015715,8,0.7002467474203679,Гипотеза конечного получателя: вход 214000 KZT от 1; исходящих 0; глубина 3. Только в пределах выгрузки.
100000008086440100,distributor,0.7943083573487032,0,0.852916105877075,Признаки распределения: 5 получателей; выход 161300 KZT; 1 отправителей.
100000008088082100,peripheral,0.0,12,0.6434948407357559,"Недостаточно признаков роли: отправителей 1, получателей 1, достижим из 7 seed."
100000008094734100,consolidator,0.8801299486249623,0,0.8572229699416778,Признаки консолидации: 4 отправителей; вход 236249 KZT; 0 получателей.
100000008097580100,terminal,0.7107585373224539,8,0.6606550022431583,Гипотеза конечного получателя: вход 32000 KZT от 2; исходящих 0; глубина 3. Только в пределах выгрузки.
100000008104567100,peripheral,0.0,18,0.7784432480933153,"Недостаточно признаков роли: отправителей 3, получателей 3, достижим из 7 seed."
100000008106997100,peripheral,0.0,0,0.6810677433826828,"Недостаточно признаков роли: отправителей 2, получателей 1, достижим из 7 seed."
100000008111003100,consolidator,0.9611967361740708,0,0.8613503813369223,Признаки консолидации: 6 отправителей; вход 222716 KZT; 1 получателей.
100000008116374100,terminal,0.6430039286793593,16,0.5793853746074473,Гипотеза конечного получателя: вход 31284 KZT от 1; исходящих 0; глубина 1. Только в пределах выгрузки.
100000008117324100,peripheral,0.0,83,0.0,"Недостаточно признаков роли: отправителей 0, получателей 0, достижим из 0 seed. Seed: входящие неполны."
100000008121806100,peripheral,0.0,8,0.8647599820547331,"Недостаточно признаков роли: отправителей 1, получателей 4, достижим из 7 seed."
100000008129393100,terminal,0.5894227863402841,81,0.22589950650515928,Гипотеза конечного получателя: вход 10000 KZT от 1; исходящих 0; глубина 1. Только в пределах выгрузки.
100000008130868100,peripheral,0.0,24,0.27031404217137733,"Недостаточно признаков роли: отправителей 1, получателей 0, достижим из 1 seed. Граница обхода; исходящие неполны."
100000008136608100,peripheral,0.0,18,0.6888066397487662,"Недостаточно признаков роли: отправителей 1, получателей 0, достижим из 7 seed. Граница обхода; исходящие неполны."
100000008137435100,distributor,0.8801152737752163,29,0.8790937640197398,Признаки распределения: 6 получателей; выход 1419700 KZT; 2 отправителей.
100000008141170100,terminal,0.5910546993049259,16,0.5080529385374607,Гипотеза конечного получателя: вход 11000 KZT от 1; исходящих 0; глубина 2. Только в пределах выгрузки.
100000008144528100,consolidator,0.9533469326080388,16,0.9176536563481382,Признаки консолидации: 5 отправителей; вход 1068203 KZT; 0 получателей.
100000008151098100,peripheral,0.0,14,0.5772319425751458,"Недостаточно признаков роли: отправителей 1, получателей 0, достижим из 7 seed. Граница обхода; исходящие неполны."
100000008165763100,coordinator,0.9925975773889636,2,0.9837595334230596,Гипотеза координации: достижим из 9 seed; внешних кластеров 7; отправителей/получателей 15/17.
100000008168850100,peripheral,0.0,10,0.692440556303275,"Недостаточно признаков роли: отправителей 1, получателей 0, достижим из 7 seed. Граница обхода; исходящие неполны."
100000008169544100,peripheral,0.0,16,0.8266711529834005,"Недостаточно признаков роли: отправителей 1, получателей 4, достижим из 7 seed."
100000008172352100,coordinator,0.8941117092866755,41,0.8817631224764468,Гипотеза координации: достижим из 8 seed; внешних кластеров 2; отправителей/получателей 3/7.
100000008172721100,peripheral,0.0,8,0.6878645132346344,"Недостаточно признаков роли: отправителей 1, получателей 0, достижим из 7 seed. Граница обхода; исходящие неполны."
100000008173359100,terminal,0.575551526140828,16,0.4886720502467474,Гипотеза конечного получателя: вход 6110 KZT от 1; исходящих 0; глубина 1. Только в пределах выгрузки.
100000008174521100,terminal,0.6875188878815353,16,0.643719156572454,Гипотеза конечного получателя: вход 82110 KZT от 1; исходящих 0; глубина 2. Только в пределах выгрузки.
100000008175078100,peripheral,0.0,20,0.7699641094661283,"Недостаточно признаков роли: отправителей 1, получателей 0, достижим из 7 seed. Граница обхода; исходящие неполны."
100000008183752100,peripheral,0.0,35,0.6764244055630327,"Недостаточно признаков роли: отправителей 1, получателей 0, достижим из 8 seed. Граница обхода; исходящие неполны."
100000008188026100,peripheral,0.0,3,0.8332884701659937,"Недостаточно признаков роли: отправителей 2, получателей 4, достижим из 7 seed."
100000008190411100,peripheral,0.0,48,0.6955361148497083,"Недостаточно признаков роли: отправителей 1, получателей 0, достижим из 7 seed. Граница обхода; исходящие неполны."
100000008190442100,terminal,0.5954064672106376,22,0.2335711081202333,Гипотеза конечного получателя: вход 13000 KZT от 1; исходящих 0; глубина 3. Только в пределах выгрузки.
100000008192264100,transit,0.6938208944603484,10,0.7219605204127411,"Признаки транзита: вход 162810, выход 187910 KZT; выход/вход=1.15. Совпадение сумм не доказывает движение тех же денег."
100000008193258100,peripheral,0.0,28,0.6678555406011664,"Недостаточно признаков роли: отправителей 1, получателей 1, достижим из 7 seed."
100000008193577100,distributor,0.8311959654178676,9,0.5162539255271422,Признаки распределения: 5 получателей; выход 480180 KZT; 2 отправителей.
100000008200810100,terminal,0.7498942278634029,24,0.528604755495738,Гипотеза конечного получателя: вход 475000 KZT от 1; исходящих 0; глубина 3. Только в пределах выгрузки.
100000008205000100,peripheral,0.0,84,0.0,"Недостаточно признаков роли: отправителей 0, получателей 0, достижим из 0 seed. Seed: входящие неполны."
100000008205937100,terminal,0.647718343910547,12,0.5861148497083895,Гипотеза конечного получателя: вход 35000 KZT от 1; исходящих 0; глубина 2. Только в пределах выгрузки.
100000008213966100,consolidator,0.8290344514959203,15,0.829654553611485,Признаки консолидации: 3 отправителей; вход 187004 KZT; 1 получателей.
100000008219168100,terminal,0.6706557872469023,1,0.33855091969493045,Гипотеза конечного получателя: вход 53200 KZT от 1; исходящих 0; глубина 1. Только в пределах выгрузки.
100000008221543100,terminal,0.8,28,0.8247196052041275,Гипотеза конечного получателя: вход 542000 KZT от 2; исходящих 0; глубина 1. Только в пределах выгрузки.
100000008221765100,peripheral,0.0,10,0.6832884701659937,"Недостаточно признаков роли: отправителей 1, получателей 0, достижим из 7 seed. Граница обхода; исходящие неполны."
100000008223661100,coordinator,0.9285161507402423,42,0.9221624046657694,Гипотеза координации: достижим из 8 seed; внешних кластеров 3; отправителей/получателей 2/5.
100000008223756100,terminal,0.8,8,0.802781516375056,Гипотеза конечного получателя: вход 331682 KZT от 2; исходящих 0; глубина 3. Только в пределах выгрузки.
100000008229700100,peripheral,0.0,7,0.3019874383131449,"Недостаточно признаков роли: отправителей 1, получателей 1, достижим из 1 seed."
100000008232832100,peripheral,0.0,42,0.7531852848811126,"Недостаточно признаков роли: отправителей 1, получателей 1, достижим из 10 seed."
100000008237827100,terminal,0.6536113629495316,2,0.5936518618214446,Гипотеза конечного получателя: вход 40001 KZT от 1; исходящих 0; глубина 1. Только в пределах выгрузки.
100000008238112100,terminal,0.7215170746449078,10,0.6933826828174069,Гипотеза конечного получателя: вход 190000 KZT от 1; исходящих 0; глубина 3. Только в пределах выгрузки.
100000008238989100,terminal,0.7249622242369296,29,0.6982279048900852,Гипотеза конечного получателя: вход 200000 KZT от 1; исходящих 0; глубина 2. Только в пределах выгрузки.
100000008244300100,consolidator,0.8705726805681475,10,0.8379093764019739,Признаки консолидации: 5 отправителей; вход 65430 KZT; 0 получателей.
100000008251939100,peripheral,0.0,18,0.5979587258860475,"Недостаточно признаков роли: отправителей 1, получателей 0, достижим из 7 seed. Граница обхода; исходящие неполны."
100000008254069100,distributor,0.7813400576368876,47,0.7700762673844773,Признаки распределения: 5 получателей; выход 107500 KZT; 1 отправителей.
100000008254576100,peripheral,0.0,38,0.6566846119336025,"Недостаточно признаков роли: отправителей 1, получателей 1, достижим из 7 seed."
100000008255655100,peripheral,0.0,28,0.48503813369223864,"Недостаточно признаков роли: отправителей 1, получателей 0, достижим из 7 seed. Граница обхода; исходящие неполны."
100000008258083100,peripheral,0.0,33,0.8198968147151189,"Недостаточно признаков роли: отправителей 2, получателей 2, достижим из 7 seed."
100000008258458100,peripheral,0.0,67,0.8623598026020637,"Недостаточно признаков роли: отправителей 1, получателей 2, достижим из 7 seed."
100000008259451100,terminal,0.6727410093683892,40,0.6220502467474204,Гипотеза конечного получателя: вход 55000 KZT от 1; исходящих 0; глубина 3. Только в пределах выгрузки.
100000008279405100,terminal,0.7296766394681172,8,0.7044190219829519,Гипотеза конечного получателя: вход 234738 KZT от 1; исходящих 0; глубина 3. Только в пределах выгрузки.
100000008283183100,terminal,0.6375642187972197,22,0.29198295199641094,Гипотеза конечного получателя: вход 29000 KZT от 1; исходящих 0; глубина 2. Только в пределах выгрузки.
100000008289539100,terminal,0.5987609549712904,3,0.5181471511888739,Гипотеза конечного получателя: вход 14912 KZT от 1; исходящих 0; глубина 2. Только в пределах выгрузки.
100000008293431100,distributor,0.8147694524495678,0,0.8752579632122028,Признаки распределения: 5 получателей; выход 297000 KZT; 1 отправителей.
100000008295429100,terminal,0.7422786340284073,10,0.7266262898160609,Гипотеза конечного получателя: вход 352000 KZT от 1; исходящих 0; глубина 3. Только в пределах выгрузки.
100000008297199100,terminal,0.6554245995769115,0,0.5962090623598026,Гипотеза конечного получателя: вход 42268 KZT от 1; исходящих 0; глубина 3. Только в пределах выгрузки.
100000008304115100,terminal,0.6685705651254156,7,0.3355899506505159,Гипотеза конечного получателя: вход 51000 KZT от 1; исходящих 0; глубина 1. Только в пределах выгрузки.
100000008304139100,coordinator,0.9949528936742934,2,0.9879318079856438,Гипотеза координации: достижим из 7 seed; внешних кластеров 9; отправителей/получателей 4/24.
100000008306857100,terminal,0.705832577818072,24,0.4609062359802602,Гипотеза конечного получателя: вход 125000 KZT от 1; исходящих 0; глубина 3. Только в пределах выгрузки.
100000008308418100,peripheral,0.0,0,0.6139748766262898,"Недостаточно признаков роли: отправителей 1, получателей 0, достижим из 7 seed. Граница обхода; исходящие неполны."
100000008309514100,terminal,0.6076458144454517,22,0.25052938537460745,Гипотеза конечного получателя: вход 17200 KZT от 1; исходящих 0; глубина 3. Только в пределах выгрузки.
100000008314203100,peripheral,0.0,42,0.7593764019739793,"Недостаточно признаков роли: отправителей 2, получателей 2, достижим из 9 seed. Seed: входящие неполны."
100000008314863100,terminal,0.5927772741009368,2,0.5103409600717811,Гипотеза конечного получателя: вход 12000 KZT от 1; исходящих 0; глубина 3. Только в пределах выгрузки.
100000008321975100,peripheral,0.0,32,0.4870569762225213,"Недостаточно признаков роли: отправителей 1, получателей 0, достижим из 7 seed. Граница обхода; исходящие неполны."
100000008324800100,consolidator,0.861672710788758,82,0.8885374607447286,Признаки консолидации: 3 отправителей; вход 526500 KZT; 1 получателей.
100000008327791100,peripheral,0.0,28,0.5080529385374607,"Недостаточно признаков роли: отправителей 1, получателей 0, достижим из 7 seed. Граница обхода; исходящие неполны."
100000008331280100,peripheral,0.0,14,0.594997756841633,"Недостаточно признаков роли: отправителей 1, получателей 0, достижим из 7 seed. Граница обхода; исходящие неполны."
100000008332511100,terminal,0.6985796313085524,1,0.6602736653207717,Гипотеза конечного получателя: вход 100000 KZT от 1; исходящих 0; глубина 3. Только в пределах выгрузки.
100000008333492100,peripheral,0.0,57,0.7007851054284432,"Недостаточно признаков роли: отправителей 1, получателей 0, достижим из 9 seed. Граница обхода; исходящие неполны."
100000008335401100,terminal,0.7129948624962225,18,0.6810004486316734,Гипотеза конечного получателя: вход 150000 KZT от 1; исходящих 0; глубина 2. Только в пределах выгрузки.
100000008336318100,peripheral,0.0,4,0.6888066397487662,"Недостаточно признаков роли: отправителей 1, получателей 0, достижим из 8 seed. Граница обхода; исходящие неполны."
100000008337304100,peripheral,0.0,8,0.662561686855092,"Недостаточно признаков роли: отправителей 1, получателей 0, достижим из 7 seed. Граница обхода; исходящие неполны."
100000008343415100,peripheral,0.0,8,0.6602736653207717,"Недостаточно признаков роли: отправителей 1, получателей 0, достижим из 7 seed. Граница обхода; исходящие неполны."
100000008343874100,peripheral,0.0,8,0.8178555406011664,"Недостаточно признаков роли: отправителей 2, получателей 2, достижим из 7 seed."
100000008346837100,coordinator,0.9923956931359353,12,0.983355764917003,Гипотеза координации: достижим из 7 seed; внешних кластеров 7; отправителей/получателей 9/25.
100000008349675100,peripheral,0.0,1,0.35286227007626736,"Недостаточно признаков роли: отправителей 1, получателей 1, достижим из 1 seed."
100000008349740100,peripheral,0.0,20,0.6349708389412292,"Недостаточно признаков роли: отправителей 1, получателей 0, достижим из 7 seed. Граница обхода; исходящие неполны."
100000008352542100,terminal,0.6676639468117256,2,0.6145132346343651,Гипотеза конечного получателя: вход 50220 KZT от 1; исходящих 0; глубина 2. Только в пределах выгрузки.
100000008356606100,terminal,0.7839226352372317,12,0.7175190668461193,Гипотеза конечного получателя: вход 168500 KZT от 2; исходящих 0; глубина 2. Только в пределах выгрузки.
100000008376089100,terminal,0.7080084617709278,33,0.6738672050246748,Гипотеза конечного получателя: вход 135000 KZT от 1; исходящих 0; глубина 2. Только в пределах выгрузки.
100000008376785100,peripheral,0.0,10,0.7042844324809332,"Недостаточно признаков роли: отправителей 1, получателей 0, достижим из 7 seed. Граница обхода; исходящие неполны."
100000008379273100,transit,0.7786263208453409,18,0.7996410946612831,"Признаки транзита: вход 36000, выход 38000 KZT; выход/вход=1.06. Совпадение сумм не доказывает движение тех же денег."
100000008383405100,terminal,0.6305832577818071,21,0.2817541498429789,Гипотеза конечного получателя: вход 25000 KZT от 1; исходящих 0; глубина 1. Только в пределах выгрузки.
100000008388049100,terminal,0.7514354789966757,24,0.5310273665320772,Гипотеза конечного получателя: вход 496400 KZT от 1; исходящих 0; глубина 3. Только в пределах выгрузки.
100000008389800100,distributor,0.8754322766570606,16,0.845580978017048,Признаки распределения: 7 получателей; выход 401620 KZT; 3 отправителей.
100000008405209100,terminal,0.6717437292233304,28,0.6205697622252131,Гипотеза конечного получателя: вход 54400 KZT от 1; исходящих 0; глубина 3. Только в пределах выгрузки.
100000008406609100,terminal,0.6459957691145362,47,0.5836922386720502,Гипотеза конечного получателя: вход 34000 KZT от 1; исходящих 0; глубина 2. Только в пределах выгрузки.
100000008413748100,coordinator,0.9559724091520861,28,0.984073575594437,Гипотеза координации: достижим из 7 seed; внешних кластеров 3; отправителей/получателей 2/18.
100000008416433100,terminal,0.618343910546993,40,0.5447958725886047,Гипотеза конечного получателя: вход 20000 KZT от 1; исходящих 0; глубина 3. Только в пределах выгрузки.
100000008417029100,terminal,0.6985796313085524,4,0.6602736653207717,Гипотеза конечного получателя: вход 100000 KZT от 1; исходящих 0; глубина 3. Только в пределах выгрузки.
100000008417359100,peripheral,0.0,28,0.7096680125616868,"Недостаточно признаков роли: отправителей 1, получателей 2, достижим из 7 seed."
100000008418835100,peripheral,0.0,70,0.6423642889187977,"Недостаточно признаков роли: отправителей 1, получателей 4, достижим из 1 seed. Seed: входящие неполны."
100000008418934100,terminal,0.7429132668479903,4,0.44743382682817406,Гипотеза конечного получателя: вход 360000 KZT от 1; исходящих 0; глубина 2. Только в пределах выгрузки.
100000008422226100,terminal,0.689876095497129,0,0.6470838941229251,Гипотеза конечного получателя: вход 87450 KZT от 1; исходящих 0; глубина 3. Только в пределах выгрузки.
100000008427027100,terminal,0.7386521607736476,2,0.7205697622252131,Гипотеза конечного получателя: вход 300000 KZT от 1; исходящих 0; глубина 3. Только в пределах выгрузки.
100000008430691100,peripheral,0.0,51,0.828488111260655,"Недостаточно признаков роли: отправителей 1, получателей 2, достижим из 7 seed."
100000008432942100,terminal,0.6571471743729224,0,0.5987662628981606,Гипотеза конечного получателя: вход 44542 KZT от 1; исходящих 0; глубина 3. Только в пределах выгрузки.
100000008436257100,terminal,0.7143850105772136,28,0.6156348138178556,Гипотеза конечного получателя: вход 35000 KZT от 2; исходящих 0; глубина 3. Только в пределах выгрузки.
100000008438656100,peripheral,0.0,2,0.7366532077164648,"Недостаточно признаков роли: отправителей 2, получателей 1, достижим из 10 seed."
100000008443341100,peripheral,0.0,7,0.7161058770749215,"Недостаточно признаков роли: отправителей 2, получателей 3, достижим из 7 seed."
100000008454065100,terminal,0.6268661226956784,40,0.5562359802602064,Гипотеза конечного получателя: вход 24050 KZT от 1; исходящих 0; глубина 3. Только в пределах выгрузки.
100000008459449100,terminal,0.6711090964037474,0,0.6192238672050246,Гипотеза конечного получателя: вход 53700 KZT от 1; исходящих 0; глубина 3. Только в пределах выгрузки.
100000008460102100,distributor,0.9559077809798271,18,0.628725886047555,Признаки распределения: 31 получателей; выход 476570 KZT; 1 отправителей.
100000008461217100,peripheral,0.0,45,0.5355091969493047,"Недостаточно признаков роли: отправителей 1, получателей 0, достижим из 10 seed. Граница обхода; исходящие неполны."
100000008461532100,distributor,0.9413544668587897,14,0.8877523553162852,Признаки распределения: 8 получателей; выход 2530090 KZT; 2 отправителей.
100000008463968100,terminal,0.5894227863402841,22,0.22589950650515928,Гипотеза конечного получателя: вход 10000 KZT от 1; исходящих 0; глубина 3. Только в пределах выгрузки.
100000008465789100,distributor,0.9864553314121038,42,0.9380663974876626,Признаки распределения: 16 получателей; выход 1858100 KZT; 1 отправителей.
100000008466579100,coordinator,0.9959623149394347,42,0.9887842081650964,Гипотеза координации: достижим из 8 seed; внешних кластеров 4; отправителей/получателей 2/17.
100000008468762100,terminal,0.7843759443940768,35,0.7683266038582324,Гипотеза конечного получателя: вход 170000 KZT от 2; исходящих 0; глубина 3. Только в пределах выгрузки.
100000008469048100,peripheral,0.0,0,0.7116868550919695,"Недостаточно признаков роли: отправителей 1, получателей 0, достижим из 7 seed. Граница обхода; исходящие неполны."
100000008470470100,terminal,0.6449984889694772,22,0.30234634365186186,Гипотеза конечного получателя: вход 33547 KZT от 1; исходящих 0; глубина 1. Только в пределах выгрузки.
100000008471634100,peripheral,0.0,13,0.5447958725886047,"Недостаточно признаков роли: отправителей 1, получателей 0, достижим из 7 seed. Граница обхода; исходящие неполны."
100000008472324100,terminal,0.7257781807192505,10,0.6993046209062359,Гипотеза конечного получателя: вход 205200 KZT от 1; исходящих 0; глубина 3. Только в пределах выгрузки.
100000008473207100,terminal,0.7254155333937745,8,0.6987662628981606,Гипотеза конечного получателя: вход 202000 KZT от 1; исходящих 0; глубина 2. Только в пределах выгрузки.
100000008473765100,terminal,0.6414626775460864,8,0.5772319425751458,Гипотеза конечного получателя: вход 30000 KZT от 1; исходящих 0; глубина 3. Только в пределах выгрузки.
100000008474308100,peripheral,0.0,7,0.5162628981606101,"Недостаточно признаков роли: отправителей 1, получателей 1, достижим из 7 seed."
100000008474391100,terminal,0.618343910546993,29,0.5447958725886047,Гипотеза конечного получателя: вход 20000 KZT от 1; исходящих 0; глубина 3. Только в пределах выгрузки.
100000008477350100,coordinator,0.9984522207267833,0,0.9961866307761328,Гипотеза координации: достижим из 7 seed; внешних кластеров 4; отправителей/получателей 11/39.
100000008478414100,terminal,0.5894227863402841,22,0.22589950650515928,Гипотеза конечного получателя: вход 10000 KZT от 1; исходящих 0; глубина 2. Только в пределах выгрузки.
100000008486520100,peripheral,0.0,16,0.6165769403319874,"Недостаточно признаков роли: отправителей 1, получателей 1, достижим из 7 seed."
100000008488166100,terminal,0.5737382895134482,22,0.20651861821444595,Гипотеза конечного получателя: вход 5600 KZT от 1; исходящих 0; глубина 3. Только в пределах выгрузки.
100000008489604100,terminal,0.5910546993049259,22,0.22805293853746075,Гипотеза конечного получателя: вход 11000 KZT от 1; исходящих 0; глубина 3. Только в пределах выгрузки.
100000008489922100,coordinator,0.9986541049798116,4,0.9963212202781516,Гипотеза координации: достижим из 8 seed; внешних кластеров 6; отправителей/получателей 3/36.
100000008490127100,distributor,0.8717579250720462,10,0.8202108568864961,Признаки распределения: 6 получателей; выход 923000 KZT; 1 отправителей.
100000008491390100,terminal,0.6488969477183439,0,0.5875953342305966,Гипотеза конечного получателя: вход 36000 KZT от 1; исходящих 0; глубина 3. Только в пределах выгрузки.
100000008493007100,transit,0.8495677233429395,22,0.31450426200089726,"Признаки транзита: вход 26150, выход 26150 KZT; выход/вход=1.00. Совпадение сумм не доказывает движение тех же денег."
100000008497298100,terminal,0.7560592323964944,4,0.46856437864513234,Гипотеза конечного получателя: вход 600000 KZT от 1; исходящих 0; глубина 2. Только в пределах выгрузки.
100000008501413100,transit,0.7750770625566636,11,0.513481381785554,"Признаки транзита: вход 5000, выход 5100 KZT; выход/вход=1.02. Совпадение сумм не доказывает движение тех же денег."
100000008502995100,terminal,0.6305832577818071,0,0.5617541498429789,Гипотеза конечного получателя: вход 25000 KZT от 1; исходящих 0; глубина 3. Только в пределах выгрузки.
100000008503177100,terminal,0.6453611362949532,8,0.5828847016599372,Гипотеза конечного получателя: вход 33951 KZT от 1; исходящих 0; глубина 3. Только в пределах выгрузки.
100000008507703100,terminal,0.6367482623148988,22,0.29063705697622255,Гипотеза конечного получателя: вход 28500 KZT от 1; исходящих 0; глубина 3. Только в пределах выгрузки.
100000008512552100,coordinator,0.9177321668909824,28,0.9281965006729475,Гипотеза координации: достижим из 7 seed; внешних кластеров 2; отправителей/получателей 4/6.
100000008512827100,coordinator,0.9960296096904442,24,0.9870345446388515,Гипотеза координации: достижим из 9 seed; внешних кластеров 5; отправителей/получателей 3/10.
100000008513251100,peripheral,0.0,85,0.0,"Недостаточно признаков роли: отправителей 0, получателей 0, достижим из 0 seed. Seed: входящие неполны."
100000008514970100,peripheral,0.0,8,0.4791072229699417,"Недостаточно признаков роли: отправителей 1, получателей 1, достижим из 1 seed."
100000008516839100,consolidator,0.6992078422484135,47,0.727433826828174,Признаки консолидации: 3 отправителей; вход 155000 KZT; 0 получателей. Seed: входящие неполны.
100000008517061100,peripheral,0.0,40,0.7698295199641094,"Недостаточно признаков роли: отправителей 1, получателей 0, достижим из 7 seed. Граница обхода; исходящие неполны."
100000008517538100,coordinator,0.9938088829071332,4,0.9847465231045311,Гипотеза координации: достижим из 8 seed; внешних кластеров 4; отправителей/получателей 3/17.
100000008522127100,peripheral,0.0,56,0.3288470165993719,"Недостаточно признаков роли: отправителей 0, получателей 1, достижим из 0 seed. Seed: входящие неполны."
100000008524903100,peripheral,0.0,0,0.5220502467474204,"Недостаточно признаков роли: отправителей 1, получателей 0, достижим из 7 seed. Граница обхода; исходящие неполны."
100000008525136100,peripheral,0.0,0,0.5163974876626289,"Недостаточно признаков роли: отправителей 1, получателей 0, достижим из 7 seed. Граница обхода; исходящие неполны."
100000008531133100,peripheral,0.0,16,0.7855540601166442,"Недостаточно признаков роли: отправителей 1, получателей 3, достижим из 7 seed."
100000008531186100,terminal,0.705832577818072,2,0.6709062359802602,Гипотеза конечного получателя: вход 125000 KZT от 1; исходящих 0; глубина 2. Только в пределах выгрузки.
100000008532050100,terminal,0.7491689332124509,10,0.7373934499775684,Гипотеза конечного получателя: вход 455156 KZT от 1; исходящих 0; глубина 3. Только в пределах выгрузки.
100000008536546100,terminal,0.7992444847385917,35,0.7889187976671153,Гипотеза конечного получателя: вход 250000 KZT от 2; исходящих 0; глубина 3. Только в пределах выгрузки.
100000008537380100,terminal,0.5799032940465397,22,0.21351727231942577,Гипотеза конечного получателя: вход 8000 KZT от 1; исходящих 0; глубина 3. Только в пределах выгрузки.
100000008545727100,distributor,0.8867435158501442,18,0.8298564378645132,Признаки распределения: 6 получателей; выход 1866500 KZT; 1 отправителей.
100000008546855100,consolidator,0.915956482320943,43,0.7959398833557648,Признаки консолидации: 6 отправителей; вход 71790 KZT; 2 получателей.
100000008547295100,terminal,0.6017527954064672,1,0.24205024674742037,Гипотеза конечного получателя: вход 15000 KZT от 1; исходящих 0; глубина 3. Только в пределах выгрузки.
100000008547844100,coordinator,0.9964333781965007,42,0.9901749663526245,Гипотеза координации: достижим из 8 seed; внешних кластеров 5; отправителей/получателей 3/19.
100000008547948100,coordinator,0.9993943472409152,4,0.9969941677882458,Гипотеза координации: достижим из 8 seed; внешних кластеров 6; отправителей/получателей 6/26.
100000008548853100,terminal,0.5974916893321245,22,0.23626289816061014,Гипотеза конечного получателя: вход 14000 KZT от 1; исходящих 0; глубина 3. Только в пределах выгрузки.
100000008551752100,peripheral,0.0,62,0.7326828174069089,"Недостаточно признаков роли: отправителей 1, получателей 0, достижим из 7 seed. Граница обхода; исходящие неполны."
100000008554390100,peripheral,0.0,18,0.23626289816061014,"Недостаточно признаков роли: отправителей 1, получателей 0, достижим из 1 seed. Граница обхода; исходящие неполны."
100000008555233100,terminal,0.748080991236023,35,0.7356437864513234,Гипотеза конечного получателя: вход 440600 KZT от 1; исходящих 0; глубина 3. Только в пределах выгрузки.
100000008555918100,peripheral,0.0,2,0.7196276357110811,"Недостаточно признаков роли: отправителей 1, получателей 2, достижим из 10 seed."
100000008556318100,terminal,0.7860078573587186,2,0.7199416778824584,Гипотеза конечного получателя: вход 180132 KZT от 2; исходящих 0; глубина 1. Только в пределах выгрузки.
100000008557672100,terminal,0.6633121789060139,22,0.32845670704351726,Гипотеза конечного получателя: вход 49125 KZT от 1; исходящих 0; глубина 2. Только в пределах выгрузки.
100000008560263100,peripheral,0.0,10,0.6602736653207717,"Недостаточно признаков роли: отправителей 1, получателей 0, достижим из 7 seed. Граница обхода; исходящие неполны."
100000008560717100,consolidator,0.986763372620127,10,0.957559443696725,Признаки консолидации: 7 отправителей; вход 529000 KZT; 1 получателей.
100000008561016100,transit,0.8828290105667629,4,0.7212875729026469,"Признаки транзита: вход 180000, выход 185000 KZT; выход/вход=1.03. Совпадение сумм не доказывает движение тех же денег."
100000008566737100,terminal,0.795527349652463,0,0.7825930910722297,Гипотеза конечного получателя: вход 230000 KZT от 2; исходящих 0; глубина 1. Только в пределах выгрузки.
100000008568512100,terminal,0.7234209731036567,10,0.6960744728577838,Гипотеза конечного получателя: вход 199640 KZT от 1; исходящих 0; глубина 3. Только в пределах выгрузки.
100000008571243100,terminal,0.7078271381081898,18,0.6734634365186182,Гипотеза конечного получателя: вход 134000 KZT от 1; исходящих 0; глубина 3. Только в пределах выгрузки.
100000008571433100,peripheral,0.0,55,0.46074472857783755,"Недостаточно признаков роли: отправителей 2, получателей 2, достижим из 0 seed. Seed: входящие неполны."
100000008571443100,terminal,0.7453913569054095,12,0.7104531179901301,Гипотеза конечного получателя: вход 65000 KZT от 2; исходящих 0; глубина 2. Только в пределах выгрузки.
100000008575624100,peripheral,0.0,68,0.34257514580529386,"Недостаточно признаков роли: отправителей 0, получателей 3, достижим из 0 seed. Seed: входящие неполны."
100000008576243100,terminal,0.7545482018736778,0,0.6737774786899955,Гипотеза конечного получателя: вход 82920 KZT от 2; исходящих 0; глубина 3. Только в пределах выгрузки.
100000008576528100,terminal,0.6361136294953158,10,0.5695603409600718,Гипотеза конечного получателя: вход 28000 KZT от 1; исходящих 0; глубина 3. Только в пределах выгрузки.
100000008579978100,peripheral,0.0,10,0.6702781516375056,"Недостаточно признаков роли: отправителей 1, получателей 1, достижим из 7 seed."
100000008582730100,transit,0.8050770625566637,43,0.4835576491700314,"Признаки транзита: вход 5000, выход 5000 KZT; выход/вход=1.00. Совпадение сумм не доказывает движение тех же денег."
100000008583360100,peripheral,0.0,18,0.7183266038582323,"Недостаточно признаков роли: отправителей 1, получателей 1, достижим из 7 seed."
100000008583971100,peripheral,0.0,0,0.645109914759982,"Недостаточно признаков роли: отправителей 2, получателей 0, достижим из 7 seed. Граница обхода; исходящие неполны."
100000008586731100,terminal,0.5927772741009368,7,0.23034096007178106,Гипотеза конечного получателя: вход 12000 KZT от 1; исходящих 0; глубина 1. Только в пределах выгрузки.
100000008587459100,peripheral,0.0,0,0.853252579632122,"Недостаточно признаков роли: отправителей 2, получателей 2, достижим из 7 seed."
100000008588665100,peripheral,0.0,0,0.5617541498429789,"Недостаточно признаков роли: отправителей 1, получателей 0, достижим из 7 seed. Граница обхода; исходящие неполны."
100000008595687100,peripheral,0.0,16,0.6591072229699416,"Недостаточно признаков роли: отправителей 1, получателей 1, достижим из 7 seed."
100000008596924100,terminal,0.6985796313085524,1,0.38027366532077167,Гипотеза конечного получателя: вход 100000 KZT от 1; исходящих 0; глубина 3. Только в пределах выгрузки.
100000008598972100,terminal,0.7050166213357509,8,0.3892911619560341,Гипотеза конечного получателя: вход 120000 KZT от 1; исходящих 0; глубина 3. Только в пределах выгрузки.
100000008599354100,peripheral,0.0,0,0.7691341408703455,"Недостаточно признаков роли: отправителей 1, получателей 1, достижим из 7 seed."
100000008601794100,peripheral,0.0,39,0.43683266038582325,"Недостаточно признаков роли: отправителей 2, получателей 1, достижим из 0 seed. Seed: входящие неполны."
100000008603331100,coordinator,0.9124831763122476,42,0.9150964558097802,Гипотеза координации: достижим из 7 seed; внешних кластеров 2; отправителей/получателей 2/6.
100000008603629100,coordinator,0.9993270524899058,8,0.9981157469717362,Гипотеза координации: достижим из 7 seed; внешних кластеров 7; отправителей/получателей 19/61.
100000008612257100,terminal,0.5824418253248715,28,0.49701659937191567,Гипотеза конечного получателя: вход 9500 KZT от 1; исходящих 0; глубина 3. Только в пределах выгрузки.
100000008619159100,peripheral,0.0,67,0.73604755495738,"Недостаточно признаков роли: отправителей 1, получателей 0, достижим из 7 seed. Граница обхода; исходящие неполны."
100000008619857100,peripheral,0.0,0,0.666397487662629,"Недостаточно признаков роли: отправителей 1, получателей 2, достижим из 7 seed."
100000008620570100,peripheral,0.0,8,0.8309780170480034,"Недостаточно признаков роли: отправителей 2, получателей 2, достижим из 7 seed."
100000008624978100,terminal,0.7012994862496222,35,0.6640421713772993,Гипотеза конечного получателя: вход 109000 KZT от 1; исходящих 0; глубина 2. Только в пределах выгрузки.
100000008625905100,peripheral,0.0,3,0.7941902198295199,"Недостаточно признаков роли: отправителей 1, получателей 2, достижим из 7 seed."
100000008628231100,peripheral,0.0,72,0.8440556303275011,"Недостаточно признаков роли: отправителей 1, получателей 2, достижим из 10 seed."
100000008628818100,peripheral,0.0,18,0.6028039479587258,"Недостаточно признаков роли: отправителей 1, получателей 0, достижим из 7 seed. Граница обхода; исходящие неполны."
100000008629504100,peripheral,0.0,0,0.5447958725886047,"Недостаточно признаков роли: отправителей 1, получателей 0, достижим из 7 seed. Граница обхода; исходящие неполны."
100000008629581100,terminal,0.6716530673919613,2,0.6204351727231943,Гипотеза конечного получателя: вход 54184 KZT от 1; исходящих 0; глубина 2. Только в пределах выгрузки.
100000008631800100,peripheral,0.0,18,0.2326289816061014,"Недостаточно признаков роли: отправителей 1, получателей 0, достижим из 1 seed. Граница обхода; исходящие неполны."
100000008632060100,distributor,0.9196685878962536,0,0.9390309555854642,Признаки распределения: 9 получателей; выход 339200 KZT; 1 отправителей.
100000008633099100,peripheral,0.0,1,0.5671825930910722,"Недостаточно признаков роли: отправителей 1, получателей 1, достижим из 7 seed."
100000008634520100,terminal,0.6915986702931399,42,0.6497756841633019,Гипотеза конечного получателя: вход 90000 KZT от 1; исходящих 0; глубина 3. Только в пределах выгрузки.
100000008636603100,distributor,0.8184438040345822,16,0.8948407357559444,Признаки распределения: 6 получателей; выход 159375 KZT; 2 отправителей.
100000008637537100,peripheral,0.0,42,0.8749214894571556,"Недостаточно признаков роли: отправителей 3, получателей 3, достижим из 9 seed. Seed: входящие неполны."
100000008638859100,peripheral,0.0,43,0.5836922386720502,"Недостаточно признаков роли: отправителей 1, получателей 0, достижим из 9 seed. Граница обхода; исходящие неполны."
100000008647905100,peripheral,0.0,43,0.7695603409600718,"Недостаточно признаков роли: отправителей 1, получателей 2, достижим из 7 seed."
100000008648783100,peripheral,0.0,18,0.20423059668012564,"Недостаточно признаков роли: отправителей 1, получателей 0, достижим из 1 seed. Граница обхода; исходящие неполны."
100000008649416100,peripheral,0.0,28,0.4835576491700314,"Недостаточно признаков роли: отправителей 1, получателей 0, достижим из 7 seed. Граница обхода; исходящие неполны."
100000008650785100,peripheral,0.0,16,0.7215567519066847,"Недостаточно признаков роли: отправителей 2, получателей 2, достижим из 8 seed. Seed: входящие неполны."
100000008652094100,terminal,0.647718343910547,0,0.5861148497083895,Гипотеза конечного получателя: вход 35000 KZT от 1; исходящих 0; глубина 3. Только в пределах выгрузки.
100000008653041100,terminal,0.6361136294953158,22,0.28956034096007177,Гипотеза конечного получателя: вход 28000 KZT от 1; исходящих 0; глубина 3. Только в пределах выгрузки.
100000008654653100,peripheral,0.0,16,0.2701659937191566,"Недостаточно признаков роли: отправителей 0, получателей 1, достижим из 0 seed. Seed: входящие неполны."
100000008655035100,terminal,0.6414626775460864,1,0.3672319425751458,Гипотеза конечного получателя: вход 30000 KZT от 1; исходящих 0; глубина 2. Только в пределах выгрузки.
100000008655779100,peripheral,0.0,15,0.6489681471511888,"Недостаточно признаков роли: отправителей 1, получателей 2, достижим из 7 seed."
100000008656043100,terminal,0.63393774554246,22,0.28633019291161954,Гипотеза конечного получателя: вход 26200 KZT от 1; исходящих 0; глубина 2. Только в пределах выгрузки.
100000008659445100,peripheral,0.0,9,0.45957828622700764,"Недостаточно признаков роли: отправителей 3, получателей 4, достижим из 0 seed. Seed: входящие неполны."
100000008659950100,terminal,0.7316711997582351,42,0.7077837595334231,Гипотеза конечного получателя: вход 246000 KZT от 1; исходящих 0; глубина 3. Только в пределах выгрузки.
100000008661550100,terminal,0.6224236929585978,22,0.27044863167339617,Гипотеза конечного получателя: вход 22800 KZT от 1; исходящих 0; глубина 3. Только в пределах выгрузки.
100000008661585100,terminal,0.6558779087337564,22,0.3168820098698968,Гипотеза конечного получателя: вход 43141 KZT от 1; исходящих 0; глубина 1. Только в пределах выгрузки.
100000008662216100,terminal,0.63393774554246,22,0.28633019291161954,Гипотеза конечного получателя: вход 26200 KZT от 1; исходящих 0; глубина 3. Только в пределах выгрузки.
100000008662805100,terminal,0.605560592323965,22,0.2478375953342306,Гипотеза конечного получателя: вход 16500 KZT от 1; исходящих 0; глубина 3. Только в пределах выгрузки.
100000008663007100,terminal,0.5974916893321245,22,0.23626289816061014,Гипотеза конечного получателя: вход 14000 KZT от 1; исходящих 0; глубина 1. Только в пределах выгрузки.
100000008663723100,terminal,0.6032033847083711,22,0.24420367877972188,Гипотеза конечного получателя: вход 15600 KZT от 1; исходящих 0; глубина 3. Только в пределах выгрузки.
100000008664469100,terminal,0.6305832577818071,2,0.5617541498429789,Гипотеза конечного получателя: вход 25000 KZT от 1; исходящих 0; глубина 1. Только в пределах выгрузки.
100000008664774100,terminal,0.604925959504382,22,0.24689546882009872,Гипотеза конечного получателя: вход 16300 KZT от 1; исходящих 0; глубина 3. Только в пределах выгрузки.
100000008665380100,peripheral,0.0,0,0.6773665320771646,"Недостаточно признаков роли: отправителей 2, получателей 1, достижим из 7 seed."
100000008666075100,terminal,0.6340284073738289,22,0.28646478241363843,Гипотеза конечного получателя: вход 26217 KZT от 1; исходящих 0; глубина 1. Только в пределах выгрузки.
100000008667058100,terminal,0.6088244182532487,22,0.2518752803947959,Гипотеза конечного получателя: вход 17534 KZT от 1; исходящих 0; глубина 1. Только в пределах выгрузки.
100000008667795100,terminal,0.6459957691145362,22,0.30369223867205025,Гипотеза конечного получателя: вход 34000 KZT от 1; исходящих 0; глубина 3. Только в пределах выгрузки.
100000008667799100,terminal,0.6459957691145362,22,0.30369223867205025,Гипотеза конечного получателя: вход 34000 KZT от 1; исходящих 0; глубина 3. Только в пределах выгрузки.
100000008668099100,terminal,0.603656693865216,22,0.24487662628981607,Гипотеза конечного получателя: вход 15700 KZT от 1; исходящих 0; глубина 3. Только в пределах выгрузки.
100000008669037100,peripheral,0.0,86,0.0,"Недостаточно признаков роли: отправителей 0, получателей 0, достижим из 0 seed. Seed: входящие неполны."
100000008669310100,terminal,0.6747355696585071,0,0.6254149842978914,Гипотеза конечного получателя: вход 59567 KZT от 1; исходящих 0; глубина 3. Только в пределах выгрузки.
100000008670667100,terminal,0.6027500755515262,22,0.24353073126962765,Гипотеза конечного получателя: вход 15534 KZT от 1; исходящих 0; глубина 1. Только в пределах выгрузки.
100000008671026100,terminal,0.6243275914173466,22,0.27273665320771645,Гипотеза конечного получателя: вход 23534 KZT от 1; исходящих 0; глубина 1. Только в пределах выгрузки.
100000008671081100,terminal,0.6498942278634028,22,0.3089412292507851,Гипотеза конечного получателя: вход 37200 KZT от 1; исходящих 0; глубина 3. Только в пределах выгрузки.
100000008671129100,terminal,0.63393774554246,22,0.28633019291161954,Гипотеза конечного получателя: вход 26200 KZT от 1; исходящих 0; глубина 3. Только в пределах выгрузки.
100000008671929100,terminal,0.6840737382895135,2,0.6383355764917003,Гипотеза конечного получателя: вход 75000 KZT от 1; исходящих 0; глубина 1. Только в пределах выгрузки.
100000008672162100,terminal,0.6029313992142641,22,0.24379991027366532,Гипотеза конечного получателя: вход 15550 KZT от 1; исходящих 0; глубина 1. Только в пределах выгрузки.
100000008672200100,terminal,0.5807192505288606,22,0.2145939883355765,Гипотеза конечного получателя: вход 8511 KZT от 1; исходящих 0; глубина 1. Только в пределах выгрузки.
100000008672480100,terminal,0.5954064672106376,22,0.2335711081202333,Гипотеза конечного получателя: вход 13000 KZT от 1; исходящих 0; глубина 2. Только в пределах выгрузки.
100000008672493100,terminal,0.5974916893321245,22,0.23626289816061014,Гипотеза конечного получателя: вход 14000 KZT от 1; исходящих 0; глубина 3. Только в пределах выгрузки.
100000008672603100,terminal,0.6203384708371109,2,0.5476222521310005,Гипотеза конечного получателя: вход 21200 KZT от 1; исходящих 0; глубина 2. Только в пределах выгрузки.
100000008672762100,terminal,0.5954064672106376,22,0.2335711081202333,Гипотеза конечного получателя: вход 13000 KZT от 1; исходящих 0; глубина 2. Только в пределах выгрузки.
100000008673001100,peripheral,0.0,47,0.36223867205024673,"Недостаточно признаков роли: отправителей 1, получателей 0, достижим из 1 seed. Seed: входящие неполны."
100000008675322100,peripheral,0.0,20,0.7247420367877973,"Недостаточно признаков роли: отправителей 1, получателей 0, достижим из 7 seed. Граница обхода; исходящие неполны."
100000008676812100,terminal,0.7289513448171653,43,0.7032077164647824,Гипотеза конечного получателя: вход 230800 KZT от 1; исходящих 0; глубина 3. Только в пределах выгрузки.
100000008677215100,terminal,0.5818071925052886,29,0.4962090623598026,Гипотеза конечного получателя: вход 9000 KZT от 1; исходящих 0; глубина 3. Только в пределах выгрузки.
100000008677368100,peripheral,0.0,1,0.5143786451323463,"Недостаточно признаков роли: отправителей 1, получателей 0, достижим из 7 seed. Граница обхода; исходящие неполны."
100000008677518100,terminal,0.6627682079177999,22,0.32751458052938537,Гипотеза конечного получателя: вход 48700 KZT от 1; исходящих 0; глубина 3. Только в пределах выгрузки.
100000008679986100,terminal,0.6125415533393774,22,0.25712427097353074,Гипотеза конечного получателя: вход 19000 KZT от 1; исходящих 0; глубина 1. Только в пределах выгрузки.
100000008680061100,peripheral,0.0,10,0.5952669358456707,"Недостаточно признаков роли: отправителей 1, получателей 0, достижим из 7 seed. Граница обхода; исходящие неполны."
100000008680451100,terminal,0.6243275914173466,22,0.27273665320771645,Гипотеза конечного получателя: вход 23534 KZT от 1; исходящих 0; глубина 1. Только в пределах выгрузки.
100000008680731100,distributor,0.8338328530259367,7,0.6357783759533423,Признаки распределения: 27 получателей; выход 1464354 KZT; 0 отправителей. Seed: входящие неполны.
100000008680912100,peripheral,0.0,0,0.6011888739344997,"Недостаточно признаков роли: отправителей 1, получателей 1, достижим из 7 seed."
100000008682426100,terminal,0.618343910546993,40,0.5447958725886047,Гипотеза конечного получателя: вход 20000 KZT от 1; исходящих 0; глубина 3. Только в пределах выгрузки.
100000008683818100,terminal,0.6079177999395587,22,0.250933153880664,Гипотеза конечного получателя: вход 17400 KZT от 1; исходящих 0; глубина 2. Только в пределах выгрузки.
100000008684452100,terminal,0.6690238742822605,22,0.33626289816061017,Гипотеза конечного получателя: вход 51800 KZT от 1; исходящих 0; глубина 3. Только в пределах выгрузки.
100000008684767100,terminal,0.6428226050166214,22,0.29911619560340963,Гипотеза конечного получателя: вход 31100 KZT от 1; исходящих 0; глубина 3. Только в пределах выгрузки.
100000008684951100,terminal,0.6076458144454517,22,0.25052938537460745,Гипотеза конечного получателя: вход 17200 KZT от 1; исходящих 0; глубина 3. Только в пределах выгрузки.
100000008686214100,terminal,0.6305832577818071,8,0.5617541498429789,Гипотеза конечного получателя: вход 25000 KZT от 1; исходящих 0; глубина 3. Только в пределах выгрузки.
100000008686234100,terminal,0.6519794499848897,0,0.5914984297891431,Гипотеза конечного получателя: вход 39778 KZT от 1; исходящих 0; глубина 1. Только в пределах выгрузки.
100000008686247100,peripheral,0.0,21,0.26883355764917005,"Недостаточно признаков роли: отправителей 1, получателей 1, достижим из 1 seed."
100000008686313100,coordinator,0.9958277254374158,0,0.9851951547779272,Гипотеза координации: достижим из 7 seed; внешних кластеров 4; отправителей/получателей 6/7.
100000008686494100,terminal,0.603656693865216,22,0.24487662628981607,Гипотеза конечного получателя: вход 15700 KZT от 1; исходящих 0; глубина 3. Только в пределах выгрузки.
100000008687492100,terminal,0.6017527954064672,22,0.24205024674742037,Гипотеза конечного получателя: вход 15000 KZT от 1; исходящих 0; глубина 2. Только в пределах выгрузки.
100000008687617100,terminal,0.6559685705651254,22,0.3170165993719157,Гипотеза конечного получателя: вход 43350 KZT от 1; исходящих 0; глубина 3. Только в пределах выгрузки.
100000008687671100,terminal,0.6502568751888789,22,0.3094795872588605,Гипотеза конечного получателя: вход 37500 KZT от 1; исходящих 0; глубина 1. Только в пределах выгрузки.
100000008687733100,terminal,0.5984889694771834,22,0.23774338268281742,Гипотеза конечного получателя: вход 14650 KZT от 1; исходящих 0; глубина 3. Только в пределах выгрузки.
100000008687990100,terminal,0.6092777274100937,22,0.2525482279048901,Гипотеза конечного получателя: вход 17600 KZT от 1; исходящих 0; глубина 3. Только в пределах выгрузки.
100000008688109100,terminal,0.5944998488969477,22,0.23249439210408257,Гипотеза конечного получателя: вход 12800 KZT от 1; исходящих 0; глубина 3. Только в пределах выгрузки.
100000008688155100,terminal,0.6245089150800847,22,0.2730058322117542,Гипотеза конечного получателя: вход 23600 KZT от 1; исходящих 0; глубина 3. Только в пределах выгрузки.
100000008688476100,terminal,0.6265034753702025,22,0.27583221175414985,Гипотеза конечного получателя: вход 24000 KZT от 1; исходящих 0; глубина 2. Только в пределах выгрузки.
100000008688881100,terminal,0.6565125415533394,22,0.31782413638402873,Гипотеза конечного получателя: вход 44211 KZT от 1; исходящих 0; глубина 2. Только в пределах выгрузки.
100000008690762100,terminal,0.6344817165306739,22,0.28700314042171376,Гипотеза конечного получателя: вход 26750 KZT от 1; исходящих 0; глубина 3. Только в пределах выгрузки.
100000008690932100,terminal,0.6228770021154427,22,0.27112157918349034,Гипотеза конечного получателя: вход 23000 KZT от 1; исходящих 0; глубина 1. Только в пределах выгрузки.
100000008691027100,terminal,0.6088244182532487,22,0.2518752803947959,Гипотеза конечного получателя: вход 17534 KZT от 1; исходящих 0; глубина 1. Только в пределах выгрузки.
100000008691168100,terminal,0.6265034753702025,22,0.27583221175414985,Гипотеза конечного получателя: вход 24000 KZT от 1; исходящих 0; глубина 2. Только в пределах выгрузки.
100000008691330100,terminal,0.6205197944998488,22,0.26789143113503816,Гипотеза конечного получателя: вход 21440 KZT от 1; исходящих 0; глубина 1. Только в пределах выгрузки.
100000008691495100,terminal,0.6353883348443639,22,0.28848362494392105,Гипотеза конечного получателя: вход 27000 KZT от 1; исходящих 0; глубина 1. Только в пределах выгрузки.
100000008692291100,transit,0.8800792507204611,42,0.8439883355764917,"Признаки транзита: вход 160000, выход 156000 KZT; выход/вход=0.97. Совпадение сумм не доказывает движение тех же денег."
100000008693069100,terminal,0.618343910546993,22,0.26479587258860476,Гипотеза конечного получателя: вход 20000 KZT от 1; исходящих 0; глубина 1. Только в пределах выгрузки.
100000008695133100,terminal,0.6490782713810819,22,0.3079991027366532,Гипотеза конечного получателя: вход 36610 KZT от 1; исходящих 0; глубина 3. Только в пределах выгрузки.
100000008695157100,peripheral,0.0,8,0.7340287124270973,"Недостаточно признаков роли: отправителей 1, получателей 0, достижим из 7 seed. Граница обхода; исходящие неполны."
100000008695495100,terminal,0.6200664853430039,22,0.26721848362494394,Гипотеза конечного получателя: вход 21000 KZT от 1; исходящих 0; глубина 1. Только в пределах выгрузки.
100000008695566100,terminal,0.6451798126322151,22,0.3026155226558995,Гипотеза конечного получателя: вход 33700 KZT от 1; исходящих 0; глубина 3. Только в пределах выгрузки.
100000008695689100,terminal,0.63393774554246,22,0.28633019291161954,Гипотеза конечного получателя: вход 26200 KZT от 1; исходящих 0; глубина 3. Только в пределах выгрузки.
100000008696692100,terminal,0.6125415533393774,22,0.25712427097353074,Гипотеза конечного получателя: вход 19000 KZT от 1; исходящих 0; глубина 2. Только в пределах выгрузки.
100000008696919100,terminal,0.6436385614989423,22,0.3003275011215792,Гипотеза конечного получателя: вход 31945 KZT от 1; исходящих 0; глубина 1. Только в пределах выгрузки.
100000008697670100,terminal,0.6311272287700211,22,0.282561686855092,Гипотеза конечного получателя: вход 25350 KZT от 1; исходящих 0; глубина 3. Только в пределах выгрузки.
100000008699083100,peripheral,0.0,24,0.7057649170031404,"Недостаточно признаков роли: отправителей 1, получателей 0, достижим из 8 seed. Граница обхода; исходящие неполны."
100000008701222100,peripheral,0.0,87,0.0,"Недостаточно признаков роли: отправителей 0, получателей 0, достижим из 0 seed. Seed: входящие неполны."
100000008701256100,terminal,0.6743729223330311,0,0.6247420367877972,Гипотеза конечного получателя: вход 58250 KZT от 1; исходящих 0; глубина 2. Только в пределах выгрузки.
100000008701944100,terminal,0.6692958597763675,70,0.4066666666666667,Гипотеза конечного получателя: вход 52124 KZT от 1; исходящих 0; глубина 1. Только в пределах выгрузки.
100000008703533100,peripheral,0.0,42,0.6383355764917003,"Недостаточно признаков роли: отправителей 1, получателей 0, достижим из 8 seed. Граница обхода; исходящие неполны."
100000008706846100,terminal,0.5979449984889694,22,0.23680125616868553,Гипотеза конечного получателя: вход 14200 KZT от 1; исходящих 0; глубина 3. Только в пределах выгрузки.
100000008706947100,terminal,0.6076458144454517,22,0.25052938537460745,Гипотеза конечного получателя: вход 17200 KZT от 1; исходящих 0; глубина 3. Только в пределах выгрузки.
100000008707810100,terminal,0.63393774554246,22,0.28633019291161954,Гипотеза конечного получателя: вход 26200 KZT от 1; исходящих 0; глубина 3. Только в пределах выгрузки.
100000008708025100,terminal,0.5894227863402841,15,0.5058995065051592,Гипотеза конечного получателя: вход 10000 KZT от 1; исходящих 0; глубина 3. Только в пределах выгрузки.
100000008708061100,terminal,0.5808099123602297,22,0.21472857783759536,Гипотеза конечного получателя: вход 8650 KZT от 1; исходящих 0; глубина 3. Только в пределах выгрузки.
100000008708207100,terminal,0.8,4,0.7679901301031853,Гипотеза конечного получателя: вход 465000 KZT от 2; исходящих 0; глубина 3. Только в пределах выгрузки.
100000008708368100,terminal,0.6250528860682986,22,0.27381336922386723,Гипотеза конечного получателя: вход 23677 KZT от 1; исходящих 0; глубина 1. Только в пределах выгрузки.
100000008708595100,terminal,0.6076458144454517,22,0.25052938537460745,Гипотеза конечного получателя: вход 17200 KZT от 1; исходящих 0; глубина 3. Только в пределах выгрузки.
100000008708743100,terminal,0.6029313992142641,22,0.24379991027366532,Гипотеза конечного получателя: вход 15550 KZT от 1; исходящих 0; глубина 3. Только в пределах выгрузки.
100000008710791100,coordinator,0.962028936742934,4,0.9969044414535666,Гипотеза координации: достижим из 9 seed; внешних кластеров 3; отправителей/получателей 3/23.
100000008710843100,coordinator,0.9960969044414536,35,0.988245850157021,Гипотеза координации: достижим из 8 seed; внешних кластеров 5; отправителей/получателей 2/13.
100000008710913100,peripheral,0.0,4,0.5162628981606101,"Недостаточно признаков роли: отправителей 1, получателей 0, достижим из 8 seed. Граница обхода; исходящие неполны."
100000008712036100,terminal,0.6200664853430039,22,0.26721848362494394,Гипотеза конечного получателя: вход 21000 KZT от 1; исходящих 0; глубина 3. Только в пределах выгрузки.
100000008712184100,terminal,0.6112722877002116,22,0.25550919694930463,Гипотеза конечного получателя: вход 18000 KZT от 1; исходящих 0; глубина 3. Только в пределах выгрузки.
100000008712827100,terminal,0.6850710184345724,22,0.35941229250785106,Гипотеза конечного получателя: вход 76000 KZT от 1; исходящих 0; глубина 3. Только в пределах выгрузки.
100000008712991100,terminal,0.6790873375642188,22,0.3514715118887394,Гипотеза конечного получателя: вход 66100 KZT от 1; исходящих 0; глубина 3. Только в пределах выгрузки.
100000008713270100,peripheral,0.0,1,0.4655136832660386,"Недостаточно признаков роли: отправителей 1, получателей 3, достижим из 1 seed."
100000008713685100,terminal,0.6638561498942279,22,0.3291296545536115,Гипотеза конечного получателя: вход 49700 KZT от 1; исходящих 0; глубина 3. Только в пределах выгрузки.
100000008714412100,terminal,0.7173466304019341,18,0.688133692238672,Гипотеза конечного получателя: вход 169000 KZT от 1; исходящих 0; глубина 3. Только в пределах выгрузки.
100000008715513100,peripheral,0.0,18,0.3015388066397488,"Недостаточно признаков роли: отправителей 1, получателей 0, достижим из 1 seed. Граница обхода; исходящие неполны."
100000008715887100,terminal,0.6112722877002116,22,0.25550919694930463,Гипотеза конечного получателя: вход 18000 KZT от 1; исходящих 0; глубина 3. Только в пределах выгрузки.
100000008716072100,terminal,0.5928679359323058,22,0.23047554957379993,Гипотеза конечного получателя: вход 12100 KZT от 1; исходящих 0; глубина 3. Только в пределах выгрузки.
100000008716222100,terminal,0.6112722877002116,22,0.25550919694930463,Гипотеза конечного получателя: вход 18000 KZT от 1; исходящих 0; глубина 1. Только в пределах выгрузки.
100000008716439100,terminal,0.5933212450891507,22,0.23074472857783762,Гипотеза конечного получателя: вход 12267 KZT от 1; исходящих 0; глубина 1. Только в пределах выгрузки.
100000008716773100,terminal,0.603384708371109,22,0.24447285778375955,Гипотеза конечного получателя: вход 15677 KZT от 1; исходящих 0; глубина 1. Только в пределах выгрузки.
100000008717340100,terminal,0.6548806285886974,22,0.31540152534768956,Гипотеза конечного получателя: вход 41500 KZT от 1; исходящих 0; глубина 1. Только в пределах выгрузки.
100000008717341100,terminal,0.5983983076458145,22,0.23760879318079858,Гипотеза конечного получателя: вход 14627 KZT от 1; исходящих 0; глубина 1. Только в пределах выгрузки.
100000008717375100,terminal,0.6379268661226957,2,0.5725213100044864,Гипотеза конечного получателя: вход 29506 KZT от 1; исходящих 0; глубина 2. Только в пределах выгрузки.
100000008717802100,terminal,0.63303112722877,22,0.28498429789143115,Гипотеза конечного получателя: вход 26150 KZT от 1; исходящих 0; глубина 3. Только в пределах выгрузки.
100000008718089100,terminal,0.6027500755515262,22,0.24353073126962765,Гипотеза конечного получателя: вход 15534 KZT от 1; исходящих 0; глубина 1. Только в пределах выгрузки.
100000008718811100,terminal,0.6832577818071925,22,0.3571242709735307,Гипотеза конечного получателя: вход 73300 KZT от 1; исходящих 0; глубина 3. Только в пределах выгрузки.
100000008720668100,terminal,0.604653974010275,22,0.2464917003140422,Гипотеза конечного получателя: вход 16000 KZT от 1; исходящих 0; глубина 3. Только в пределах выгрузки.
100000008720798100,terminal,0.6027500755515262,22,0.24353073126962765,Гипотеза конечного получателя: вход 15534 KZT от 1; исходящих 0; глубина 1. Только в пределах выгрузки.
100000008720856100,peripheral,0.0,10,0.6316509645580978,"Недостаточно признаков роли: отправителей 1, получателей 1, достижим из 7 seed."
100000008721637100,peripheral,0.0,1,0.7654553611484971,"Недостаточно признаков роли: отправителей 1, получателей 2, достижим из 7 seed."
100000008722328100,terminal,0.6250528860682986,22,0.27381336922386723,Гипотеза конечного получателя: вход 23677 KZT от 1; исходящих 0; глубина 1. Только в пределах выгрузки.
100000008722417100,peripheral,0.0,10,0.805002243158367,"Недостаточно признаков роли: отправителей 1, получателей 3, достижим из 7 seed."
100000008722541100,peripheral,0.0,10,0.7150515926424406,"Недостаточно признаков роли: отправителей 1, получателей 0, достижим из 7 seed. Граница обхода; исходящие неполны."
100000008723830100,transit,0.9394326705574925,16,0.7824809331538807,"Признаки транзита: вход 459785, выход 455000 KZT; выход/вход=0.99. Совпадение сумм не доказывает движение тех же денег."
100000008724279100,terminal,0.5916893321245089,16,0.5088604755495738,Гипотеза конечного получателя: вход 11750 KZT от 1; исходящих 0; глубина 1. Только в пределах выгрузки.
100000008724461100,peripheral,0.0,4,0.7019066846119336,"Недостаточно признаков роли: отправителей 1, получателей 1, достижим из 9 seed."
100000008727982100,peripheral,0.0,46,0.29723194257514585,"Недостаточно признаков роли: отправителей 1, получателей 0, достижим из 1 seed. Граница обхода; исходящие неполны."
100000008728457100,terminal,0.6585071018434572,11,0.6010542844324809,Гипотеза конечного получателя: вход 45000 KZT от 1; исходящих 0; глубина 1. Только в пределах выгрузки.
100000008729597100,terminal,0.6879721970383802,8,0.6443921040825482,Гипотеза конечного получателя: вход 83090 KZT от 1; исходящих 0; глубина 3. Только в пределах выгрузки.
100000008729801100,terminal,0.6088244182532487,22,0.2518752803947959,Гипотеза конечного получателя: вход 17534 KZT от 1; исходящих 0; глубина 1. Только в пределах выгрузки.
100000008730021100,terminal,0.6845270474463584,70,0.4287393449977569,Гипотеза конечного получателя: вход 75555 KZT от 1; исходящих 0; глубина 1. Только в пределах выгрузки.
100000008730238100,peripheral,0.0,42,0.666733961417676,"Недостаточно признаков роли: отправителей 1, получателей 0, достижим из 8 seed. Граница обхода; исходящие неполны."
100000008730371100,terminal,0.8,0,0.7735082996859578,Гипотеза конечного получателя: вход 520000 KZT от 2; исходящих 0; глубина 3. Только в пределах выгрузки.
100000008730846100,coordinator,0.9744952893674294,11,0.9425302826379542,Гипотеза координации: достижим из 8 seed; внешних кластеров 4; отправителей/получателей 7/3.
100000008731444100,coordinator,0.9520020188425302,0,0.9736204576043068,Гипотеза координации: достижим из 7 seed; внешних кластеров 3; отправителей/получателей 3/9.
100000008732098100,terminal,0.603384708371109,22,0.24447285778375955,Гипотеза конечного получателя: вход 15677 KZT от 1; исходящих 0; глубина 1. Только в пределах выгрузки.
100000008732488100,peripheral,0.0,8,0.7039255271422162,"Недостаточно признаков роли: отправителей 1, получателей 1, достижим из 7 seed."
100000008733049100,terminal,0.5894227863402841,3,0.5058995065051592,Гипотеза конечного получателя: вход 10000 KZT от 1; исходящих 0; глубина 2. Только в пределах выгрузки.
100000008733194100,coordinator,0.9279104979811574,12,0.9252579632122027,Гипотеза координации: достижим из 7 seed; внешних кластеров 3; отправителей/получателей 4/8.
100000008734279100,peripheral,0.0,8,0.5800583221175415,"Недостаточно признаков роли: отправителей 1, получателей 0, достижим из 7 seed. Граница обхода; исходящие неполны."
100000008734364100,terminal,0.63393774554246,22,0.28633019291161954,Гипотеза конечного получателя: вход 26200 KZT от 1; исходящих 0; глубина 2. Только в пределах выгрузки.
100000008735384100,terminal,0.6514354789966758,22,0.31096007178106777,Гипотеза конечного получателя: вход 39220 KZT от 1; исходящих 0; глубина 1. Только в пределах выгрузки.
100000008735802100,peripheral,0.0,0,0.6460071781067743,"Недостаточно признаков роли: отправителей 1, получателей 0, достижим из 7 seed. Граница обхода; исходящие неполны."
100000008735832100,terminal,0.6092777274100937,22,0.2525482279048901,Гипотеза конечного получателя: вход 17600 KZT от 1; исходящих 0; глубина 3. Только в пределах выгрузки.
100000008736173100,terminal,0.6425506195225144,22,0.2987124270973531,Гипотеза конечного получателя: вход 31060 KZT от 1; исходящих 0; глубина 1. Только в пределах выгрузки.
100000008736394100,terminal,0.604653974010275,22,0.2464917003140422,Гипотеза конечного получателя: вход 16000 KZT от 1; исходящих 0; глубина 2. Только в пределах выгрузки.
100000008736760100,terminal,0.6719250528860683,22,0.3408389412292508,Гипотеза конечного получателя: вход 54757 KZT от 1; исходящих 0; глубина 1. Только в пределах выгрузки.
100000008736940100,peripheral,0.0,9,0.5014042171377299,"Недостаточно признаков роли: отправителей 3, получателей 3, достижим из 1 seed."
100000008737422100,terminal,0.6853430039286794,22,0.3598160610139076,Гипотеза конечного получателя: вход 76903 KZT от 1; исходящих 0; глубина 1. Только в пределах выгрузки.
100000008737514100,terminal,0.6890601390148081,3,0.6460071781067743,Гипотеза конечного получателя: вход 85000 KZT от 1; исходящих 0; глубина 2. Только в пределах выгрузки.
100000008737958100,terminal,0.7374131157449381,22,0.3682054733064154,Гипотеза конечного получателя: вход 53373 KZT от 2; исходящих 0; глубина 1. Только в пределах выгрузки.
100000008738325100,peripheral,0.0,47,0.3696859578286227,"Недостаточно признаков роли: отправителей 1, получателей 1, достижим из 1 seed. Seed: входящие неполны."
100000008738526100,peripheral,0.0,35,0.7059443696724989,"Недостаточно признаков роли: отправителей 1, получателей 1, достижим из 8 seed."
100000008738658100,terminal,0.6381081897854337,22,0.29265589950650517,Гипотеза конечного получателя: вход 29920 KZT от 1; исходящих 0; глубина 3. Только в пределах выгрузки.
100000008739887100,peripheral,0.0,8,0.8236428891879766,"Недостаточно признаков роли: отправителей 2, получателей 2, достижим из 7 seed."
100000008740295100,peripheral,0.0,4,0.7205697622252131,"Недостаточно признаков роли: отправителей 1, получателей 0, достижим из 8 seed. Граница обхода; исходящие неполны."
100000008740793100,terminal,0.6200664853430039,22,0.26721848362494394,Гипотеза конечного получателя: вход 21000 KZT от 1; исходящих 0; глубина 3. Только в пределах выгрузки.
100000008741372100,terminal,0.648534300392868,22,0.30719156572454015,Гипотеза конечного получателя: вход 35975 KZT от 1; исходящих 0; глубина 1. Только в пределах выгрузки.
100000008742053100,distributor,0.99164265129683,24,0.9405338716913414,Признаки распределения: 12 получателей; выход 2789000 KZT; 1 отправителей.
100000008742266100,terminal,0.6200664853430039,22,0.26721848362494394,Гипотеза конечного получателя: вход 21000 KZT от 1; исходящих 0; глубина 2. Только в пределах выгрузки.
100000008743913100,coordinator,0.9956258411843876,35,0.9878420816509645,Гипотеза координации: достижим из 9 seed; внешних кластеров 4; отправителей/получателей 3/13.
100000008744364100,terminal,0.6253248715624056,22,0.27421713772992373,Гипотеза конечного получателя: вход 23700 KZT от 1; исходящих 0; глубина 3. Только в пределах выгрузки.
100000008744799100,terminal,0.5942278634028407,22,0.23209062359802604,Гипотеза конечного получателя: вход 12600 KZT от 1; исходящих 0; глубина 3. Только в пределах выгрузки.
100000008744849100,terminal,0.6568751888788154,22,0.31836249439210407,Гипотеза конечного получателя: вход 44445 KZT от 1; исходящих 0; глубина 1. Только в пределах выгрузки.
100000008745474100,terminal,0.6541553339377455,22,0.3145939883355765,Гипотеза конечного получателя: вход 40559 KZT от 1; исходящих 0; глубина 1. Только в пределах выгрузки.
100000008745489100,terminal,0.6729223330311273,22,0.3423194257514581,Гипотеза конечного получателя: вход 55539 KZT от 1; исходящих 0; глубина 1. Только в пределах выгрузки.
100000008745643100,terminal,0.618706557872469,22,0.26533423059668015,Гипотеза конечного получателя: вход 20313 KZT от 1; исходящих 0; глубина 1. Только в пределах выгрузки.
100000008745676100,peripheral,0.0,22,0.3043651861821445,"Недостаточно признаков роли: отправителей 1, получателей 0, достижим из 1 seed. Граница обхода; исходящие неполны."
100000008745725100,terminal,0.6610456331217891,22,0.3250919694930462,Гипотеза конечного получателя: вход 47060 KZT от 1; исходящих 0; глубина 1. Только в пределах выгрузки.
100000008745863100,terminal,0.6225143547899668,22,0.270583221175415,Гипотеза конечного получателя: вход 22900 KZT от 1; исходящих 0; глубина 3. Только в пределах выгрузки.
100000008745884100,terminal,0.618343910546993,22,0.26479587258860476,Гипотеза конечного получателя: вход 20000 KZT от 1; исходящих 0; глубина 3. Только в пределах выгрузки.
100000008746025100,terminal,0.6215170746449078,22,0.26883355764917005,Гипотеза конечного получателя: вход 22000 KZT от 1; исходящих 0; глубина 1. Только в пределах выгрузки.
100000008746449100,distributor,0.9737752161383286,4,0.9259982054733062,Признаки распределения: 10 получателей; выход 1009000 KZT; 1 отправителей.
100000008746673100,terminal,0.6705651254155334,22,0.3384163301929116,Гипотеза конечного получателя: вход 53048 KZT от 1; исходящих 0; глубина 1. Только в пределах выгрузки.
100000008747113100,terminal,0.7895436687821094,10,0.7747868999551368,Гипотеза конечного получателя: вход 197801 KZT от 2; исходящих 0; глубина 1. Только в пределах выгрузки.
100000008748408100,distributor,0.9824207492795389,1,0.6560475549573801,Признаки распределения: 21 получателей; выход 1499960 KZT; 1 отправителей.
100000008748795100,terminal,0.6608643094590511,0,0.6048227904890084,Гипотеза конечного получателя: вход 47057 KZT от 1; исходящих 0; глубина 3. Только в пределах выгрузки.
100000008748914100,distributor,0.9965417867435159,2,0.7136742934051143,Признаки распределения: 13 получателей; выход 4471847 KZT; 2 отправителей.
100000008749063100,terminal,0.6125415533393774,22,0.25712427097353074,Гипотеза конечного получателя: вход 19000 KZT от 1; исходящих 0; глубина 1. Только в пределах выгрузки.
100000008749405100,terminal,0.6498035660320338,22,0.30880663974876627,Гипотеза конечного получателя: вход 37150 KZT от 1; исходящих 0; глубина 3. Только в пределах выгрузки.
100000008749406100,terminal,0.6069205197944998,22,0.24958725886047556,Гипотеза конечного получателя: вход 17144 KZT от 1; исходящих 0; глубина 1. Только в пределах выгрузки.
100000008749618100,terminal,0.661408280447265,22,0.32549573799910275,Гипотеза конечного получателя: вход 47280 KZT от 1; исходящих 0; глубина 1. Только в пределах выгрузки.
100000008749900100,terminal,0.6070111816258689,22,0.2497218483624944,Гипотеза конечного получателя: вход 17150 KZT от 1; исходящих 0; глубина 3. Только в пределах выгрузки.
100000008749989100,terminal,0.604653974010275,22,0.2464917003140422,Гипотеза конечного получателя: вход 16000 KZT от 1; исходящих 0; глубина 2. Только в пределах выгрузки.
100000008750464100,terminal,0.5805379268661227,22,0.21432480933153883,Гипотеза конечного получателя: вход 8500 KZT от 1; исходящих 0; глубина 3. Только в пределах выгрузки.
100000008751349100,terminal,0.59159867029314,14,0.508725886047555,Гипотеза конечного получателя: вход 11630 KZT от 1; исходящих 0; глубина 3. Только в пределах выгрузки.
100000008751380100,terminal,0.8,4,0.8049349484073576,Гипотеза конечного получателя: вход 345780 KZT от 2; исходящих 0; глубина 3. Только в пределах выгрузки.
100000008751429100,consolidator,0.8528785131459656,9,0.49467474203678774,Признаки консолидации: 3 отправителей; вход 386200 KZT; 1 получателей.
100000008752616100,distributor,0.9019452449567724,4,0.8777927321668909,Признаки распределения: 7 получателей; выход 1265000 KZT; 2 отправителей.
100000008753061100,terminal,0.6365669386521607,22,0.29036787797218483,Гипотеза конечного получателя: вход 28400 KZT от 1; исходящих 0; глубина 3. Только в пределах выгрузки.
100000008753193100,terminal,0.647899667573285,22,0.3063840287124271,Гипотеза конечного получателя: вход 35225 KZT от 1; исходящих 0; глубина 1. Только в пределах выгрузки.
100000008753897100,terminal,0.6268661226956784,22,0.27623598026020635,Гипотеза конечного получателя: вход 24050 KZT от 1; исходящих 0; глубина 3. Только в пределах выгрузки.
100000008754608100,terminal,0.5937745542459958,22,0.23141767608793182,Гипотеза конечного получателя: вход 12300 KZT от 1; исходящих 0; глубина 3. Только в пределах выгрузки.
100000008754747100,terminal,0.6587790873375642,22,0.32132346343651863,Гипотеза конечного получателя: вход 45500 KZT от 1; исходящих 0; глубина 3. Только в пределах выгрузки.
100000008754997100,terminal,0.6112722877002116,22,0.25550919694930463,Гипотеза конечного получателя: вход 18000 KZT от 1; исходящих 0; глубина 3. Только в пределах выгрузки.
100000008755168100,terminal,0.6092777274100937,22,0.2525482279048901,Гипотеза конечного получателя: вход 17600 KZT от 1; исходящих 0; глубина 3. Только в пределах выгрузки.
100000008755361100,terminal,0.5983983076458145,22,0.23760879318079858,Гипотеза конечного получателя: вход 14627 KZT от 1; исходящих 0; глубина 1. Только в пределах выгрузки.
100000008755580100,terminal,0.604653974010275,22,0.2464917003140422,Гипотеза конечного получателя: вход 16000 KZT от 1; исходящих 0; глубина 3. Только в пределах выгрузки.
100000008755754100,terminal,0.5778180719250529,24,0.2113638402871243,Гипотеза конечного получателя: вход 7000 KZT от 1; исходящих 0; глубина 3. Только в пределах выгрузки.
100000008757301100,peripheral,0.0,0,0.6250112157918348,"Недостаточно признаков роли: отправителей 1, получателей 0, достижим из 7 seed. Граница обхода; исходящие неполны."
100000008757369100,peripheral,0.0,0,0.6545311799013009,"Недостаточно признаков роли: отправителей 1, получателей 1, достижим из 7 seed."
100000008758106100,peripheral,0.0,4,0.5058995065051592,"Недостаточно признаков роли: отправителей 1, получателей 0, достижим из 8 seed. Граница обхода; исходящие неполны."
100000008758168100,coordinator,0.9194818304172274,35,0.9290937640197398,Гипотеза координации: достижим из 9 seed; внешних кластеров 2; отправителей/получателей 2/5.
100000008758607100,peripheral,0.0,4,0.4835576491700314,"Недостаточно признаков роли: отправителей 1, получателей 0, достижим из 8 seed. Граница обхода; исходящие неполны."
100000008759795100,peripheral,0.0,18,0.24891431135038133,"Недостаточно признаков роли: отправителей 1, получателей 0, достижим из 1 seed. Граница обхода; исходящие неполны."
100000008759857100,peripheral,0.0,35,0.8038806639748766,"Недостаточно признаков роли: отправителей 1, получателей 2, достижим из 9 seed."
100000008760098100,peripheral,0.0,35,0.7603185284881112,"Недостаточно признаков роли: отправителей 1, получателей 1, достижим из 9 seed."
100000008761132100,peripheral,0.0,4,0.5058995065051592,"Недостаточно признаков роли: отправителей 1, получателей 0, достижим из 8 seed. Граница обхода; исходящие неполны."
100000008761219100,coordinator,0.9000336473755046,57,0.8810453117990129,Гипотеза координации: достижим из 9 seed; внешних кластеров 2; отправителей/получателей 2/2.
100000008761220100,peripheral,0.0,4,0.5058995065051592,"Недостаточно признаков роли: отправителей 1, получателей 0, достижим из 8 seed. Граница обхода; исходящие неполны."
100000008762005100,peripheral,0.0,4,0.4835576491700314,"Недостаточно признаков роли: отправителей 1, получателей 0, достижим из 8 seed. Граница обхода; исходящие неполны."
100000008762728100,terminal,0.6064672106376549,16,0.5290489008524002,Гипотеза конечного получателя: вход 17026 KZT от 1; исходящих 0; глубина 2. Только в пределах выгрузки.
100000008762832100,peripheral,0.0,2,0.4010004486316734,"Недостаточно признаков роли: отправителей 1, получателей 1, достижим из 1 seed."
100000008762843100,peripheral,0.0,4,0.49136384028712426,"Недостаточно признаков роли: отправителей 1, получателей 0, достижим из 8 seed. Граница обхода; исходящие неполны."
100000008762885100,peripheral,0.0,4,0.49136384028712426,"Недостаточно признаков роли: отправителей 1, получателей 0, достижим из 8 seed. Граница обхода; исходящие неполны."
100000008763688100,terminal,0.6200664853430039,22,0.26721848362494394,Гипотеза конечного получателя: вход 21000 KZT от 1; исходящих 0; глубина 3. Только в пределах выгрузки.
100000008764436100,terminal,0.5956784527047446,22,0.233840287124271,Гипотеза конечного получателя: вход 13100 KZT от 1; исходящих 0; глубина 2. Только в пределах выгрузки.
100000008764654100,terminal,0.63303112722877,22,0.28498429789143115,Гипотеза конечного получателя: вход 26150 KZT от 1; исходящих 0; глубина 3. Только в пределах выгрузки.
100000008765494100,terminal,0.6265034753702025,22,0.27583221175414985,Гипотеза конечного получателя: вход 24000 KZT от 1; исходящих 0; глубина 2. Только в пределах выгрузки.
100000008765627100,terminal,0.675823511634935,1,0.34716464782413636,Гипотеза конечного получателя: вход 60000 KZT от 1; исходящих 0; глубина 2. Только в пределах выгрузки.
100000008766031100,peripheral,0.0,4,0.4835576491700314,"Недостаточно признаков роли: отправителей 1, получателей 0, достижим из 8 seed. Граница обхода; исходящие неполны."
100000008766764100,peripheral,0.0,4,0.4835576491700314,"Недостаточно признаков роли: отправителей 1, получателей 0, достижим из 8 seed. Граница обхода; исходящие неполны."
100000008767027100,terminal,0.5717437292233303,35,0.4835576491700314,Гипотеза конечного получателя: вход 5000 KZT от 1; исходящих 0; глубина 3. Только в пределах выгрузки.
100000008767065100,terminal,0.5894227863402841,35,0.5058995065051592,Гипотеза конечного получателя: вход 10000 KZT от 1; исходящих 0; глубина 3. Только в пределах выгрузки.
100000008767925100,terminal,0.6069205197944998,22,0.24958725886047556,Гипотеза конечного получателя: вход 17144 KZT от 1; исходящих 0; глубина 1. Только в пределах выгрузки.
100000008767950100,terminal,0.6077364762768208,22,0.2506639748766263,Гипотеза конечного получателя: вход 17350 KZT от 1; исходящих 0; глубина 3. Только в пределах выгрузки.
100000008768896100,terminal,0.6610456331217891,22,0.3250919694930462,Гипотеза конечного получателя: вход 47060 KZT от 1; исходящих 0; глубина 1. Только в пределах выгрузки.
100000008769097100,terminal,0.6428226050166214,22,0.29911619560340963,Гипотеза конечного получателя: вход 31100 KZT от 1; исходящих 0; глубина 3. Только в пределах выгрузки.
100000008769636100,terminal,0.6230583257781807,22,0.27139075818752806,Гипотеза конечного получателя: вход 23118 KZT от 1; исходящих 0; глубина 1. Только в пределах выгрузки.
100000008770483100,peripheral,0.0,57,0.4835576491700314,"Недостаточно признаков роли: отправителей 1, получателей 0, достижим из 9 seed. Граница обхода; исходящие неполны."
100000008771627100,terminal,0.605560592323965,22,0.2478375953342306,Гипотеза конечного получателя: вход 16500 KZT от 1; исходящих 0; глубина 2. Только в пределах выгрузки.
100000008771814100,terminal,0.6253248715624056,22,0.27421713772992373,Гипотеза конечного получателя: вход 23700 KZT от 1; исходящих 0; глубина 2. Только в пределах выгрузки.
100000008771819100,terminal,0.6510728316711998,22,0.31069089277703005,Гипотеза конечного получателя: вход 38900 KZT от 1; исходящих 0; глубина 1. Только в пределах выгрузки.
100000008772058100,terminal,0.6673919613176186,22,0.33397487662628983,Гипотеза конечного получателя: вход 50000 KZT от 1; исходящих 0; глубина 2. Только в пределах выгрузки.
100000008772246100,terminal,0.6570565125415533,22,0.31863167339614173,Гипотеза конечного получателя: вход 44500 KZT от 1; исходящих 0; глубина 3. Только в пределах выгрузки.
100000008773876100,terminal,0.632305832577818,22,0.2839075818752804,Гипотеза конечного получателя: вход 26120 KZT от 1; исходящих 0; глубина 1. Только в пределах выгрузки.
100000008774237100,peripheral,0.0,34,0.36349484073575594,"Недостаточно признаков роли: отправителей 1, получателей 1, достижим из 1 seed."
100000008775471100,terminal,0.7551526140828044,35,0.747083894122925,Гипотеза конечного получателя: вход 580000 KZT от 1; исходящих 0; глубина 3. Только в пределах выгрузки.
100000008775747100,peripheral,0.0,4,0.4835576491700314,"Недостаточно признаков роли: отправителей 1, получателей 0, достижим из 8 seed. Граница обхода; исходящие неполны."
100000008776298100,terminal,0.6556965850710185,22,0.3166128308658591,Гипотеза конечного получателя: вход 42800 KZT от 1; исходящих 0; глубина 1. Только в пределах выгрузки.
100000008776310100,terminal,0.6127228770021155,22,0.2573934499775684,Гипотеза конечного получателя: вход 19200 KZT от 1; исходящих 0; глубина 3. Только в пределах выгрузки.
100000008776420100,terminal,0.6801752795406467,22,0.3530865859129655,Гипотеза конечного получателя: вход 69500 KZT от 1; исходящих 0; глубина 3. Только в пределах выгрузки.
100000008776576100,terminal,0.5985796313085524,22,0.23787797218483625,Гипотеза конечного получателя: вход 14765 KZT от 1; исходящих 0; глубина 1. Только в пределах выгрузки.
100000008776720100,terminal,0.63303112722877,22,0.28498429789143115,Гипотеза конечного получателя: вход 26150 KZT от 1; исходящих 0; глубина 3. Только в пределах выгрузки.
100000008777088100,terminal,0.6112722877002116,22,0.25550919694930463,Гипотеза конечного получателя: вход 18000 KZT от 1; исходящих 0; глубина 1. Только в пределах выгрузки.
100000008778010100,peripheral,0.0,22,0.3600852400179453,"Недостаточно признаков роли: отправителей 1, получателей 0, достижим из 1 seed. Граница обхода; исходящие неполны."
100000008778753100,peripheral,0.0,13,0.5058995065051592,"Недостаточно признаков роли: отправителей 1, получателей 0, достижим из 7 seed. Граница обхода; исходящие неполны."
100000008779584100,terminal,0.6430945905107284,22,0.29951996410946613,Гипотеза конечного получателя: вход 31400 KZT от 1; исходящих 0; глубина 1. Только в пределах выгрузки.
100000008782056100,terminal,0.6376548806285887,22,0.2921175414984298,Гипотеза конечного получателя: вход 29082 KZT от 1; исходящих 0; глубина 1. Только в пределах выгрузки.
100000008782421100,terminal,0.6637654880628588,22,0.32899506505159265,Гипотеза конечного получателя: вход 49680 KZT от 1; исходящих 0; глубина 1. Только в пределах выгрузки.
100000008782800100,terminal,0.6560592323964944,22,0.3171511888739345,Гипотеза конечного получателя: вход 43381 KZT от 1; исходящих 0; глубина 1. Только в пределах выгрузки.
